Orientation,X,Y,Z,Hand
1,0.058,-0.663,-0.746,2
1,0.083,-0.761,-0.644,1
1,0.123,-0.735,-0.667,1
1,0.057,-0.611,-0.790,2
1,-0.318,-0.934,-0.165,0
1,-0.043,-0.685,-0.727,0
1,-0.192,-0.773,-0.605,0
1,0.108,-0.665,-0.739,1
1,0.017,-0.717,-0.697,2
1,0.005,-0.666,-0.746,2
1,0.055,-0.676,-0.735,2
1,0.043,-0.595,-0.803,2
1,0.040,-0.698,-0.715,1
1,-0.065,-0.712,-0.699,0
1,0.007,-0.760,-0.650,2
1,0.053,-0.660,-0.750,2
1,-0.204,-0.783,-0.588,0
1,-0.029,-0.700,-0.714,0
1,-0.070,-0.722,-0.689,0
1,-0.162,-0.758,-0.632,0
1,-0.178,-0.803,-0.569,0
5,-0.028,-0.716,-0.697,0
1,0.299,-0.885,-0.356,1
1,0.030,-0.711,-0.703,2
1,0.053,-0.679,-0.732,2
1,-0.004,-0.746,-0.666,0
1,-0.075,-0.690,-0.720,0
1,0.044,-0.667,-0.744,2
1,0.071,-0.664,-0.744,2
1,0.063,-0.698,-0.713,1
1,0.126,-0.709,-0.694,1
1,-0.036,-0.708,-0.706,0
1,0.008,-0.705,-0.709,1
1,0.042,-0.667,-0.744,2
1,-0.029,-0.673,-0.739,0
1,0.207,-0.759,-0.617,1
5,-0.063,-0.709,-0.702,0
1,0.038,-0.701,-0.712,2
1,0.110,-0.727,-0.677,1
1,-0.104,-0.693,-0.713,0
1,-0.184,-0.879,-0.440,0
1,0.115,-0.735,-0.669,1
1,-0.295,-0.925,-0.241,0
1,0.113,-0.728,-0.676,1
1,0.018,-0.735,-0.678,2
1,-0.064,-0.745,-0.663,0
1,-0.038,-0.714,-0.699,0
1,-0.108,-0.669,-0.736,0
1,0.038,-0.695,-0.718,2
1,0.123,-0.825,-0.551,1
1,0.056,-0.652,-0.756,2
1,0.065,-0.763,-0.643,2
1,0.132,-0.708,-0.694,1
1,-0.103,-0.697,-0.710,0
1,0.029,-0.692,-0.722,2
1,0.056,-0.738,-0.672,1
1,0.024,-0.664,-0.747,0
1,0.056,-0.715,-0.697,1
1,0.023,-0.663,-0.748,2
1,0.095,-0.727,-0.680,1
1,0.026,-0.614,-0.789,2
1,0.073,-0.745,-0.663,1
1,-0.180,-0.800,-0.572,0
1,0.060,-0.722,-0.689,1
5,-0.009,-0.682,-0.732,0
1,-0.011,-0.753,-0.658,0
1,0.082,-0.794,-0.602,1
1,0.190,-0.761,-0.620,1
1,0.038,-0.674,-0.738,2
1,0.139,-0.774,-0.618,1
1,-0.109,-0.638,-0.762,0
1,0.032,-0.668,-0.743,2
1,0.029,-0.624,-0.781,2
1,0.245,-0.923,-0.297,1
1,-0.075,-0.690,-0.720,0
5,-0.009,-0.682,-0.732,0
1,0.039,-0.650,-0.759,1
1,0.036,-0.682,-0.730,2
1,0.115,-0.738,-0.665,1
1,0.048,-0.645,-0.762,2
1,0.066,-0.787,-0.613,1
1,-0.015,-0.670,-0.742,0
1,-0.219,-0.758,-0.614,0
1,0.040,-0.707,-0.706,2
1,0.039,-0.688,-0.725,1
5,-0.002,-0.711,-0.703,0
1,0.029,-0.699,-0.715,2
5,0.004,-0.710,-0.705,0
1,-0.232,-0.817,-0.529,0
1,0.024,-0.614,-0.789,2
5,-0.030,-0.736,-0.676,0
1,0.062,-0.737,-0.673,1
1,0.083,-0.818,-0.570,1
1,0.173,-0.710,-0.682,1
1,0.073,-0.659,-0.749,2
1,0.110,-0.756,-0.645,1
1,-0.022,-0.693,-0.721,0
1,-0.038,-0.684,-0.729,2
1,-0.084,-0.732,-0.676,0
1,-0.033,-0.707,-0.707,0
1,0.057,-0.675,-0.735,2
5,-0.009,-0.717,-0.697,0
1,0.035,-0.685,-0.727,2
1,0.141,-0.781,-0.608,1
1,-0.066,-0.774,-0.630,0
5,-0.016,-0.689,-0.724,0
1,0.034,-0.693,-0.720,2
1,-0.088,-0.697,-0.712,0
1,-0.213,-0.748,-0.629,0
1,0.040,-0.653,-0.756,2
1,0.071,-0.714,-0.697,1
1,0.010,-0.685,-0.729,1
1,0.148,-0.736,-0.661,1
1,-0.046,-0.706,-0.707,0
1,0.102,-0.662,-0.742,1
1,0.008,-0.718,-0.696,2
1,0.024,-0.660,-0.751,2
1,0.205,-0.913,-0.354,1
1,-0.010,-0.744,-0.669,2
1,-0.006,-0.727,-0.687,0
1,0.071,-0.665,-0.744,2
1,-0.038,-0.701,-0.712,0
1,0.074,-0.676,-0.733,1
1,0.204,-0.786,-0.584,1
1,-0.082,-0.645,-0.759,0
1,0.042,-0.663,-0.748,1
1,0.061,-0.752,-0.656,1
5,0.013,-0.673,-0.739,0
1,0.010,-0.710,-0.704,2
1,0.135,-0.862,-0.488,1
1,0.069,-0.695,-0.716,1
1,-0.072,-0.752,-0.655,0
1,-0.005,-0.666,-0.746,0
1,0.065,-0.652,-0.755,1
1,0.208,-0.777,-0.595,1
1,0.037,-0.670,-0.742,2
1,0.283,-0.835,-0.472,1
1,0.221,-0.920,-0.324,1
1,-0.059,-0.739,-0.672,0
1,0.135,-0.768,-0.626,1
5,-0.028,-0.721,-0.692,0
1,0.176,-0.889,-0.424,1
1,-0.033,-0.701,-0.713,0
1,0.029,-0.704,-0.709,2
1,0.005,-0.667,-0.745,2
1,-0.017,-0.688,-0.725,1
1,0.014,-0.732,-0.681,2
1,0.040,-0.698,-0.715,1
1,-0.205,-0.801,-0.562,0
1,0.087,-0.721,-0.688,1
1,0.031,-0.687,-0.726,2
1,0.074,-0.677,-0.732,1
1,0.137,-0.737,-0.662,1
1,0.074,-0.611,-0.788,2
1,-0.032,-0.757,-0.653,2
1,0.126,-0.801,-0.585,1
1,-0.043,-0.763,-0.645,0
1,0.130,-0.863,-0.489,1
1,-0.026,-0.666,-0.745,0
1,0.007,-0.660,-0.751,2
1,0.006,-0.746,-0.666,0
1,-0.094,-0.698,-0.710,0
1,-0.193,-0.778,-0.598,0
1,0.056,-0.717,-0.695,2
1,0.023,-0.818,-0.574,1
5,-0.015,-0.686,-0.728,0
1,0.185,-0.830,-0.526,1
1,0.081,-0.726,-0.683,1
1,0.013,-0.690,-0.724,2
1,0.065,-0.750,-0.658,1
1,0.022,-0.656,-0.754,1
1,-0.237,-0.817,-0.526,0
1,0.040,-0.651,-0.758,1
1,-0.073,-0.658,-0.749,0
1,-0.322,-0.938,-0.128,0
1,0.355,-0.901,-0.252,1
1,0.069,-0.763,-0.643,1
1,0.084,-0.737,-0.671,1
1,0.125,-0.728,-0.674,1
1,0.155,-0.830,-0.535,1
1,-0.077,-0.733,-0.676,0
1,0.059,-0.720,-0.692,1
1,0.056,-0.783,-0.620,1
1,0.104,-0.769,-0.630,1
1,0.000,-0.673,-0.739,0
1,0.065,-0.721,-0.690,1
1,0.001,-0.731,-0.683,0
1,-0.228,-0.825,-0.518,0
1,0.169,-0.736,-0.656,1
1,-0.188,-0.763,-0.618,0
1,0.074,-0.680,-0.729,2
5,-0.038,-0.700,-0.713,0
1,0.016,-0.668,-0.744,2
1,0.032,-0.698,-0.715,2
1,0.029,-0.695,-0.718,2
1,0.198,-0.747,-0.635,1
1,-0.318,-0.934,-0.165,0
1,0.056,-0.673,-0.738,1
1,0.007,-0.670,-0.742,2
1,0.058,-0.683,-0.728,2
1,-0.102,-0.753,-0.650,0
1,0.036,-0.749,-0.661,2
1,0.133,-0.768,-0.627,2
1,0.063,-0.604,-0.794,2
1,0.103,-0.747,-0.657,1
1,0.256,-0.823,-0.506,1
1,0.023,-0.737,-0.675,0
1,-0.017,-0.765,-0.644,0
1,0.031,-0.687,-0.726,2
1,0.255,-0.842,-0.476,1
1,0.015,-0.659,-0.752,2
1,-0.016,-0.750,-0.661,2
1,-0.113,-0.726,-0.679,0
1,-0.037,-0.704,-0.709,0
1,0.098,-0.757,-0.646,1
1,0.163,-0.830,-0.533,1
1,-0.038,-0.690,-0.722,0
1,0.366,-0.891,-0.269,1
5,0.017,-0.665,-0.747,0
5,-0.021,-0.719,-0.695,0
1,0.051,-0.666,-0.744,2
1,0.066,-0.719,-0.691,1
1,-0.240,-0.831,-0.502,0
1,0.083,-0.794,-0.603,1
1,-0.107,-0.642,-0.759,0
1,0.044,-0.642,-0.766,2
1,-0.065,-0.722,-0.689,0
1,0.013,-0.659,-0.752,2
1,0.372,-0.891,-0.260,1
1,-0.027,-0.697,-0.717,1
1,-0.023,-0.700,-0.714,0
1,-0.013,-0.746,-0.666,2
1,0.048,-0.757,-0.652,1
1,0.106,-0.716,-0.690,1
1,-0.055,-0.702,-0.710,0
1,0.055,-0.685,-0.726,2
1,0.153,-0.786,-0.599,1
1,-0.139,-0.841,-0.522,0
1,0.056,-0.698,-0.714,1
5,-0.003,-0.720,-0.694,0
1,-0.142,-0.838,-0.528,0
1,-0.034,-0.640,-0.768,0
1,0.192,-0.756,-0.625,1
1,-0.286,-0.880,-0.379,0
1,0.054,-0.688,-0.724,2
1,-0.278,-0.890,-0.362,0
1,-0.074,-0.755,-0.652,0
1,-0.068,-0.692,-0.719,0
1,0.052,-0.662,-0.748,2
1,0.050,-0.683,-0.729,2
1,0.067,-0.766,-0.639,2
1,0.050,-0.622,-0.781,2
1,-0.165,-0.750,-0.640,0
1,-0.150,-0.748,-0.646,0
5,-0.014,-0.708,-0.707,0
1,0.079,-0.680,-0.729,1
1,-0.084,-0.734,-0.674,0
1,-0.037,-0.659,-0.752,0
1,0.055,-0.620,-0.782,2
1,0.106,-0.806,-0.583,1
1,-0.042,-0.687,-0.725,1
1,0.010,-0.728,-0.685,0
1,-0.237,-0.818,-0.524,0
1,0.043,-0.727,-0.685,1
1,0.167,-0.831,-0.530,1
1,-0.261,-0.775,-0.576,0
1,-0.136,-0.768,-0.626,0
1,0.109,-0.798,-0.593,1
1,0.034,-0.656,-0.754,2
1,0.056,-0.700,-0.712,1
1,0.043,-0.669,-0.742,2
1,-0.120,-0.767,-0.630,0
1,0.003,-0.659,-0.753,2
1,0.098,-0.686,-0.721,1
5,0.005,-0.720,-0.694,0
1,0.077,-0.762,-0.643,1
1,0.056,-0.685,-0.727,2
1,0.011,-0.661,-0.750,0
1,0.138,-0.731,-0.668,1
1,0.040,-0.651,-0.758,1
5,0.012,-0.716,-0.698,0
1,0.014,-0.736,-0.677,0
1,0.259,-0.860,-0.441,1
1,-0.263,-0.825,-0.500,0
1,0.181,-0.796,-0.578,1
1,0.049,-0.750,-0.660,2
1,-0.186,-0.786,-0.590,0
1,0.029,-0.720,-0.693,2
1,-0.060,-0.763,-0.644,0
5,0.013,-0.720,-0.694,0
1,0.037,-0.685,-0.728,2
1,0.035,-0.694,-0.719,2
1,0.015,-0.698,-0.716,2
1,0.031,-0.652,-0.757,2
1,0.117,-0.728,-0.675,1
1,-0.277,-0.914,-0.298,0
1,0.052,-0.688,-0.724,2
1,0.044,-0.770,-0.636,1
1,-0.124,-0.764,-0.633,0
1,0.044,-0.697,-0.716,1
1,-0.158,-0.877,-0.454,0
1,0.034,-0.668,-0.743,2
1,0.138,-0.737,-0.662,1
1,0.131,-0.818,-0.560,1
1,0.086,-0.684,-0.725,2
1,0.054,-0.675,-0.735,2
1,0.058,-0.610,-0.790,2
1,0.152,-0.844,-0.514,1
1,0.219,-0.917,-0.333,1
1,0.104,-0.772,-0.627,1
1,0.334,-0.852,-0.404,1
1,0.057,-0.678,-0.733,2
1,0.108,-0.786,-0.608,1
1,-0.251,-0.917,-0.311,0
1,0.019,-0.713,-0.701,1
1,0.046,-0.688,-0.724,2
1,0.259,-0.854,-0.452,1
1,0.030,-0.693,-0.720,2
1,-0.003,-0.757,-0.653,2
5,-0.025,-0.689,-0.724,0
1,0.041,-0.731,-0.681,1
1,0.029,-0.699,-0.715,2
1,0.080,-0.639,-0.765,2
1,-0.087,-0.690,-0.718,0
1,0.075,-0.663,-0.745,2
1,-0.300,-0.908,-0.293,0
1,-0.167,-0.800,-0.576,0
1,-0.061,-0.762,-0.644,0
1,0.031,-0.701,-0.713,2
5,-0.093,-0.677,-0.730,0
5,-0.039,-0.698,-0.715,0
1,0.015,-0.724,-0.689,0
1,-0.294,-0.920,-0.261,0
1,0.127,-0.852,-0.508,1
1,0.127,-0.756,-0.642,2
1,0.098,-0.830,-0.549,1
1,0.055,-0.607,-0.793,2
1,0.169,-0.709,-0.684,1
1,-0.256,-0.809,-0.530,0
1,0.046,-0.670,-0.741,2
1,0.074,-0.701,-0.709,1
1,0.081,-0.824,-0.561,1
1,0.127,-0.710,-0.693,1
5,0.007,-0.675,-0.738,0
1,0.028,-0.720,-0.694,2
5,0.013,-0.710,-0.704,0
1,0.038,-0.650,-0.759,2
1,-0.145,-0.749,-0.647,0
1,0.048,-0.735,-0.676,2
1,-0.061,-0.718,-0.694,0
1,0.025,-0.721,-0.693,2
1,0.084,-0.737,-0.671,1
1,0.029,-0.671,-0.741,2
1,-0.321,-0.938,-0.132,0
1,-0.213,-0.804,-0.555,0
1,0.028,-0.667,-0.744,2
1,0.015,-0.659,-0.752,2
1,0.014,-0.659,-0.752,2
1,0.025,-0.668,-0.744,2
1,0.064,-0.704,-0.707,1
1,0.039,-0.675,-0.737,2
1,-0.006,-0.744,-0.669,2
1,-0.012,-0.719,-0.695,0
1,0.057,-0.680,-0.731,2
1,-0.198,-0.775,-0.600,0
5,-0.002,-0.710,-0.704,0
1,0.034,-0.689,-0.724,1
1,0.049,-0.672,-0.739,2
1,0.209,-0.786,-0.581,1
1,0.112,-0.726,-0.678,1
1,-0.133,-0.672,-0.728,0
1,-0.233,-0.725,-0.649,0
1,0.061,-0.797,-0.601,1
5,-0.024,-0.714,-0.700,0
1,0.160,-0.796,-0.584,1
1,-0.302,-0.908,-0.291,0
1,-0.250,-0.911,-0.328,0
1,0.335,-0.867,-0.370,1
1,0.003,-0.727,-0.687,0
1,0.046,-0.675,-0.736,2
1,-0.086,-0.760,-0.644,0
1,0.230,-0.831,-0.507,1
5,0.016,-0.705,-0.709,0
1,0.054,-0.694,-0.718,1
1,-0.233,-0.757,-0.610,0
1,-0.291,-0.915,-0.281,0
1,0.043,-0.596,-0.802,2
1,0.115,-0.742,-0.661,1
1,-0.210,-0.783,-0.585,0
1,0.122,-0.785,-0.607,1
1,0.068,-0.706,-0.705,1
1,0.074,-0.643,-0.762,2
1,0.233,-0.925,-0.299,1
1,0.351,-0.885,-0.305,1
1,-0.153,-0.715,-0.682,0
1,0.280,-0.928,-0.246,1
1,-0.075,-0.727,-0.683,0
1,0.016,-0.670,-0.743,2
1,-0.012,-0.754,-0.657,2
1,-0.089,-0.720,-0.688,0
1,0.111,-0.700,-0.705,1
1,0.072,-0.741,-0.667,1
1,0.016,-0.712,-0.702,2
1,0.053,-0.805,-0.592,1
1,0.130,-0.780,-0.613,1
1,-0.012,-0.750,-0.661,2
1,0.061,-0.671,-0.739,2
1,0.023,-0.656,-0.754,2
1,-0.010,-0.674,-0.738,0
1,0.140,-0.809,-0.571,1
1,-0.157,-0.734,-0.661,0
1,0.040,-0.685,-0.727,2
1,0.031,-0.696,-0.718,1
1,0.057,-0.682,-0.729,1
1,-0.015,-0.665,-0.746,0
1,0.007,-0.662,-0.750,2
1,0.030,-0.688,-0.725,1
1,0.056,-0.722,-0.690,1
1,0.013,-0.655,-0.755,2
1,0.091,-0.753,-0.652,1
1,0.086,-0.686,-0.722,2
1,-0.162,-0.876,-0.454,0
1,-0.008,-0.724,-0.690,0
1,0.097,-0.729,-0.677,1
1,0.118,-0.723,-0.681,1
1,0.055,-0.620,-0.782,2
1,0.107,-0.686,-0.719,2
1,0.296,-0.894,-0.336,1
1,0.131,-0.804,-0.580,1
1,0.035,-0.660,-0.751,0
1,0.061,-0.693,-0.718,1
1,0.199,-0.908,-0.370,1
1,0.012,-0.765,-0.644,2
1,0.071,-0.729,-0.681,2
1,0.040,-0.683,-0.729,2
1,0.076,-0.610,-0.788,2
1,0.109,-0.676,-0.729,1
1,-0.082,-0.727,-0.682,0
1,0.229,-0.848,-0.479,1
1,0.109,-0.806,-0.581,1
1,0.023,-0.662,-0.749,2
1,0.028,-0.703,-0.710,2
1,0.046,-0.697,-0.715,1
1,-0.247,-0.906,-0.345,0
1,0.032,-0.736,-0.676,2
5,-0.035,-0.739,-0.673,0
1,0.114,-0.710,-0.695,1
1,0.029,-0.672,-0.740,2
1,0.032,-0.694,-0.719,2
5,-0.100,-0.626,-0.773,0
1,0.044,-0.654,-0.755,1
1,0.042,-0.594,-0.804,2
1,-0.025,-0.693,-0.721,0
1,0.108,-0.853,-0.511,1
1,-0.101,-0.693,-0.714,0
1,0.021,-0.701,-0.713,1
1,0.025,-0.697,-0.717,2
5,-0.002,-0.689,-0.725,0
1,-0.030,-0.693,-0.720,1
1,-0.020,-0.671,-0.741,0
1,0.023,-0.694,-0.720,2
5,-0.089,-0.680,-0.728,0
1,0.021,-0.704,-0.709,2
1,0.259,-0.854,-0.452,1
1,0.014,-0.709,-0.706,2
1,-0.143,-0.667,-0.732,0
1,0.066,-0.749,-0.659,1
1,0.036,-0.672,-0.740,2
1,-0.004,-0.742,-0.670,2
1,-0.164,-0.757,-0.633,0
1,0.019,-0.697,-0.716,2
1,0.120,-0.723,-0.680,1
5,0.032,-0.653,-0.756,0
1,-0.303,-0.925,-0.228,0
1,-0.288,-0.870,-0.400,0
5,0.032,-0.686,-0.727,0
1,-0.075,-0.654,-0.753,0
1,0.021,-0.762,-0.647,2
1,0.098,-0.723,-0.684,1
1,0.056,-0.698,-0.714,1
1,0.230,-0.842,-0.488,1
1,0.098,-0.769,-0.632,2
1,0.003,-0.685,-0.729,2
1,0.004,-0.661,-0.750,2
1,0.089,-0.762,-0.642,1
1,-0.030,-0.686,-0.727,0
1,0.052,-0.657,-0.752,2
1,0.130,-0.743,-0.657,1
1,0.023,-0.721,-0.692,1
5,-0.016,-0.716,-0.698,0
1,-0.076,-0.682,-0.728,0
1,0.015,-0.707,-0.707,2
1,0.043,-0.730,-0.682,1
1,0.076,-0.709,-0.701,1
1,0.010,-0.657,-0.754,1
1,0.213,-0.828,-0.518,1
1,0.027,-0.689,-0.725,2
1,0.093,-0.829,-0.552,1
1,0.015,-0.668,-0.744,2
1,0.134,-0.782,-0.608,1
1,0.066,-0.653,-0.754,2
1,0.083,-0.748,-0.658,1
1,0.002,-0.660,-0.751,2
1,0.006,-0.657,-0.754,2
1,0.111,-0.698,-0.707,2
1,-0.089,-0.735,-0.672,0
1,-0.242,-0.810,-0.534,0
1,-0.123,-0.755,-0.644,0
1,0.053,-0.660,-0.750,2
1,-0.110,-0.763,-0.637,0
1,-0.175,-0.708,-0.684,0
5,-0.022,-0.708,-0.706,0
1,-0.024,-0.754,-0.657,2
1,-0.332,-0.915,-0.230,0
1,0.167,-0.839,-0.518,1
1,-0.080,-0.691,-0.718,0
1,0.123,-0.714,-0.689,1
1,0.045,-0.670,-0.741,2
1,0.059,-0.671,-0.739,2
1,-0.099,-0.681,-0.726,0
1,0.043,-0.659,-0.751,2
1,-0.074,-0.701,-0.709,0
5,0.005,-0.725,-0.688,0
1,0.009,-0.717,-0.697,2
1,0.075,-0.759,-0.647,2
1,-0.032,-0.757,-0.653,2
1,0.034,-0.665,-0.746,2
1,0.084,-0.680,-0.729,1
1,0.032,-0.668,-0.744,2
1,-0.007,-0.746,-0.666,0
1,0.047,-0.685,-0.727,2
1,-0.248,-0.806,-0.537,0
5,0.007,-0.720,-0.694,0
1,-0.046,-0.718,-0.694,0
5,0.017,-0.698,-0.716,0
1,-0.089,-0.640,-0.763,0
1,0.033,-0.646,-0.763,2
1,0.096,-0.712,-0.696,1
1,0.005,-0.669,-0.743,0
1,0.163,-0.729,-0.665,1
1,-0.103,-0.750,-0.653,0
1,0.077,-0.769,-0.635,1
1,0.070,-0.744,-0.665,1
1,0.376,-0.890,-0.257,1
1,0.040,-0.661,-0.750,2
1,-0.068,-0.690,-0.721,0
1,0.115,-0.768,-0.630,1
5,-0.024,-0.714,-0.700,0
1,-0.161,-0.881,-0.445,0
5,0.023,-0.688,-0.725,0
1,0.142,-0.827,-0.544,1
1,-0.210,-0.814,-0.541,0
1,0.087,-0.765,-0.638,1
1,-0.123,-0.755,-0.644,0
1,0.005,-0.668,-0.744,2
1,0.079,-0.732,-0.677,2
5,-0.016,-0.708,-0.706,0
1,-0.023,-0.695,-0.718,1
1,-0.186,-0.775,-0.603,0
1,0.119,-0.710,-0.694,1
5,-0.066,-0.691,-0.719,0
1,-0.088,-0.748,-0.658,0
1,0.005,-0.684,-0.729,2
1,0.114,-0.699,-0.706,1
1,0.042,-0.702,-0.711,2
1,0.011,-0.649,-0.761,2
1,0.030,-0.733,-0.679,2
1,-0.019,-0.682,-0.731,0
1,0.030,-0.693,-0.720,2
1,0.049,-0.750,-0.660,2
1,-0.110,-0.764,-0.635,0
1,0.123,-0.770,-0.626,2
1,0.116,-0.734,-0.669,1
5,-0.014,-0.679,-0.734,0
1,0.024,-0.660,-0.751,2
5,0.026,-0.669,-0.743,0
1,-0.084,-0.766,-0.637,0
1,0.045,-0.709,-0.704,2
1,0.351,-0.887,-0.301,1
1,-0.025,-0.694,-0.720,1
1,0.217,-0.820,-0.530,1
1,0.030,-0.685,-0.728,2
1,0.069,-0.695,-0.716,1
1,0.001,-0.659,-0.752,2
1,0.348,-0.858,-0.378,1
1,0.020,-0.756,-0.655,2
1,0.088,-0.759,-0.645,1
1,0.185,-0.803,-0.567,1
1,-0.032,-0.763,-0.645,2
1,0.130,-0.733,-0.668,1
1,0.122,-0.716,-0.688,1
1,0.085,-0.747,-0.660,2
1,0.067,-0.734,-0.676,1
1,0.056,-0.647,-0.760,2
1,-0.128,-0.677,-0.725,0
5,0.013,-0.673,-0.739,0
1,0.025,-0.656,-0.754,2
1,0.036,-0.698,-0.715,2
1,0.024,-0.663,-0.748,2
1,0.156,-0.788,-0.596,1
1,0.034,-0.651,-0.758,2
1,-0.016,-0.667,-0.744,0
1,-0.110,-0.764,-0.635,0
1,0.036,-0.661,-0.750,2
1,0.123,-0.765,-0.632,2
1,0.110,-0.700,-0.706,2
1,-0.055,-0.853,-0.519,0
1,-0.009,-0.759,-0.652,2
1,0.076,-0.712,-0.698,1
5,0.037,-0.679,-0.734,0
5,0.011,-0.670,-0.742,0
1,0.108,-0.686,-0.719,1
1,0.085,-0.758,-0.646,1
1,0.060,-0.604,-0.794,2
1,0.051,-0.663,-0.747,2
1,0.025,-0.618,-0.786,2
1,0.003,-0.663,-0.749,0
5,-0.036,-0.703,-0.711,0
1,0.032,-0.747,-0.664,2
1,0.011,-0.655,-0.756,1
1,0.112,-0.667,-0.737,1
1,0.078,-0.767,-0.637,1
1,-0.033,-0.724,-0.689,0
1,0.027,-0.724,-0.690,1
1,0.082,-0.755,-0.650,1
1,0.108,-0.749,-0.653,1
1,0.048,-0.759,-0.650,1
1,0.022,-0.744,-0.668,0
1,0.125,-0.800,-0.587,1
1,0.066,-0.754,-0.653,1
1,0.068,-0.604,-0.794,2
1,0.323,-0.869,-0.376,1
5,-0.034,-0.703,-0.710,0
5,-0.020,-0.713,-0.701,0
1,0.023,-0.656,-0.754,2
1,-0.095,-0.740,-0.666,0
1,-0.068,-0.684,-0.726,0
1,0.049,-0.661,-0.749,2
1,0.081,-0.767,-0.636,2
1,0.050,-0.697,-0.715,1
1,0.049,-0.689,-0.723,2
1,0.012,-0.655,-0.755,2
1,0.074,-0.742,-0.666,1
1,0.025,-0.661,-0.750,2
1,0.063,-0.747,-0.662,1
1,0.032,-0.665,-0.746,2
1,0.044,-0.600,-0.799,2
1,0.037,-0.678,-0.734,2
1,0.091,-0.711,-0.697,1
5,-0.027,-0.709,-0.705,0
1,0.325,-0.832,-0.450,1
1,0.021,-0.664,-0.748,2
1,0.034,-0.668,-0.743,2
1,-0.277,-0.907,-0.316,0
1,0.249,-0.854,-0.457,1
1,-0.028,-0.726,-0.687,0
1,0.028,-0.740,-0.672,2
5,0.003,-0.723,-0.691,0
1,0.067,-0.645,-0.761,2
1,-0.037,-0.694,-0.719,0
1,0.028,-0.672,-0.740,2
1,0.042,-0.663,-0.748,1
1,0.077,-0.701,-0.709,1
5,-0.016,-0.708,-0.706,0
1,0.014,-0.703,-0.712,2
1,-0.202,-0.814,-0.545,0
1,-0.095,-0.733,-0.673,0
1,0.065,-0.647,-0.759,2
1,0.010,-0.724,-0.690,0
1,0.092,-0.739,-0.668,1
5,-0.094,-0.669,-0.738,0
1,0.049,-0.671,-0.740,2
1,-0.287,-0.933,-0.218,0
1,0.006,-0.722,-0.692,0
1,0.025,-0.706,-0.707,2
1,0.011,-0.649,-0.761,2
1,0.043,-0.692,-0.721,1
1,0.028,-0.703,-0.710,2
1,0.036,-0.682,-0.730,2
1,-0.059,-0.694,-0.717,0
1,0.063,-0.674,-0.736,2
1,-0.085,-0.732,-0.675,0
1,0.088,-0.716,-0.693,1
1,0.006,-0.659,-0.752,2
1,0.286,-0.892,-0.350,1
1,0.197,-0.750,-0.632,1
1,0.120,-0.758,-0.641,2
1,-0.290,-0.877,-0.384,0
1,-0.096,-0.763,-0.639,0
1,0.034,-0.689,-0.724,1
1,-0.025,-0.693,-0.721,0
1,0.311,-0.841,-0.443,1
1,-0.032,-0.723,-0.690,0
1,0.059,-0.600,-0.798,2
1,0.005,-0.666,-0.746,2
1,0.008,-0.669,-0.743,2
1,0.355,-0.896,-0.267,1
1,-0.159,-0.875,-0.457,0
1,0.005,-0.661,-0.750,2
1,-0.003,-0.747,-0.664,2
1,0.011,-0.630,-0.776,2
1,-0.168,-0.752,-0.637,0
1,0.085,-0.756,-0.649,1
1,0.077,-0.766,-0.638,1
1,0.029,-0.757,-0.652,1
1,0.065,-0.762,-0.644,2
1,0.026,-0.724,-0.689,2
1,0.055,-0.697,-0.715,1
1,0.082,-0.779,-0.622,1
1,0.077,-0.701,-0.709,1
1,0.286,-0.922,-0.262,1
1,0.043,-0.722,-0.691,1
1,0.057,-0.715,-0.697,1
1,0.132,-0.760,-0.637,1
1,0.135,-0.732,-0.668,1
1,-0.028,-0.772,-0.635,0
1,0.053,-0.651,-0.758,2
1,0.100,-0.734,-0.672,1
1,0.055,-0.744,-0.666,2
1,0.072,-0.775,-0.628,1
1,0.041,-0.662,-0.748,0
1,-0.070,-0.661,-0.747,0
1,0.058,-0.652,-0.756,1
1,-0.002,-0.745,-0.667,2
1,0.013,-0.655,-0.755,2
1,0.102,-0.725,-0.681,1
1,-0.069,-0.703,-0.708,0
1,0.242,-0.805,-0.541,1
1,0.276,-0.808,-0.521,1
1,0.034,-0.708,-0.706,2
1,0.062,-0.645,-0.761,2
5,0.033,-0.653,-0.756,0
1,0.277,-0.806,-0.523,1
1,0.056,-0.738,-0.672,1
1,0.276,-0.813,-0.512,1
1,0.043,-0.603,-0.796,2
1,0.036,-0.654,-0.755,2
5,0.036,-0.685,-0.727,0
1,0.068,-0.699,-0.712,1
1,0.233,-0.925,-0.299,1
1,0.076,-0.705,-0.705,1
1,0.202,-0.831,-0.518,1
1,0.012,-0.727,-0.686,0
1,0.097,-0.729,-0.677,1
1,0.083,-0.736,-0.672,1
1,0.016,-0.712,-0.702,2
1,-0.047,-0.686,-0.726,1
1,0.014,-0.687,-0.726,2
1,0.088,-0.762,-0.641,1
1,0.083,-0.742,-0.665,1
1,0.280,-0.820,-0.499,1
5,-0.008,-0.717,-0.697,0
1,0.077,-0.835,-0.545,1
1,0.029,-0.654,-0.756,2
5,-0.005,-0.706,-0.708,0
1,-0.054,-0.707,-0.706,0
1,0.026,-0.674,-0.738,2
1,-0.303,-0.925,-0.228,0
1,0.081,-0.688,-0.721,2
1,0.122,-0.715,-0.688,1
1,0.076,-0.676,-0.733,1
5,0.041,-0.682,-0.731,0
1,0.050,-0.745,-0.665,2
1,0.104,-0.759,-0.642,2
1,0.012,-0.672,-0.740,2
1,0.080,-0.776,-0.626,1
1,-0.072,-0.737,-0.672,0
1,0.149,-0.783,-0.604,1
1,0.030,-0.691,-0.722,2
1,0.039,-0.832,-0.554,1
1,-0.194,-0.778,-0.597,0
1,0.015,-0.692,-0.722,2
1,0.000,-0.659,-0.752,2
1,0.059,-0.715,-0.697,1
1,0.059,-0.756,-0.652,1
1,0.044,-0.667,-0.744,2
1,0.065,-0.665,-0.744,2
1,0.075,-0.663,-0.745,2
1,0.023,-0.649,-0.760,2
1,0.060,-0.605,-0.794,2
1,0.030,-0.670,-0.742,2
1,-0.044,-0.706,-0.706,0
1,-0.261,-0.775,-0.576,0
5,-0.008,-0.685,-0.728,0
1,0.137,-0.780,-0.611,1
1,-0.156,-0.787,-0.597,0
1,-0.055,-0.702,-0.710,0
1,0.078,-0.666,-0.741,1
1,-0.338,-0.909,-0.242,0
1,-0.088,-0.733,-0.674,0
1,0.077,-0.643,-0.762,2
1,-0.263,-0.891,-0.371,0
1,0.032,-0.704,-0.710,2
1,0.001,-0.658,-0.753,0
1,0.240,-0.840,-0.486,1
1,0.060,-0.606,-0.793,2
1,0.022,-0.707,-0.707,1
1,0.123,-0.722,-0.681,1
1,0.094,-0.771,-0.630,1
1,0.139,-0.836,-0.530,1
1,0.188,-0.744,-0.641,1
1,-0.105,-0.746,-0.658,0
1,-0.190,-0.784,-0.591,0
1,0.032,-0.722,-0.691,2
1,0.044,-0.670,-0.741,2
1,0.111,-0.736,-0.668,1
1,-0.215,-0.834,-0.507,0
1,0.120,-0.733,-0.669,1
1,-0.178,-0.803,-0.569,0
1,0.031,-0.679,-0.733,2
1,-0.102,-0.756,-0.647,0
1,0.124,-0.850,-0.513,1
1,0.005,-0.668,-0.744,2
1,-0.193,-0.768,-0.611,0
1,0.120,-0.800,-0.588,1
1,0.105,-0.716,-0.690,1
1,-0.236,-0.744,-0.626,0
1,-0.287,-0.870,-0.400,0
1,0.140,-0.809,-0.571,1
1,-0.020,-0.750,-0.661,0
1,-0.041,-0.727,-0.686,0
1,0.259,-0.860,-0.441,1
5,-0.020,-0.709,-0.705,0
5,-0.107,-0.612,-0.784,0
5,0.014,-0.689,-0.724,0
1,0.033,-0.697,-0.716,2
1,0.153,-0.728,-0.668,1
1,0.056,-0.650,-0.758,2
1,0.013,-0.656,-0.755,2
1,-0.016,-0.664,-0.747,0
1,0.023,-0.710,-0.704,2
1,0.048,-0.728,-0.684,1
1,-0.019,-0.751,-0.660,2
1,0.219,-0.917,-0.333,1
1,0.265,-0.844,-0.467,1
1,0.315,-0.883,-0.348,1
1,-0.131,-0.763,-0.633,0
1,0.103,-0.768,-0.632,1
5,0.037,-0.681,-0.732,0
1,0.031,-0.693,-0.720,1
1,-0.033,-0.682,-0.730,0
1,0.009,-0.707,-0.707,0
1,0.075,-0.663,-0.745,2
1,0.030,-0.695,-0.718,2
1,0.058,-0.702,-0.710,1
1,0.020,-0.668,-0.744,2
1,-0.214,-0.747,-0.630,0
1,0.008,-0.669,-0.743,2
1,-0.211,-0.752,-0.624,0
1,-0.299,-0.932,-0.206,0
1,0.102,-0.800,-0.592,1
1,-0.017,-0.692,-0.722,0
1,-0.009,-0.746,-0.666,2
5,-0.097,-0.664,-0.742,0
1,0.031,-0.649,-0.760,1
1,0.085,-0.766,-0.637,1
1,-0.074,-0.688,-0.722,0
1,0.012,-0.659,-0.752,2
1,0.015,-0.719,-0.695,2
1,-0.083,-0.828,-0.555,0
1,-0.037,-0.687,-0.726,0
1,-0.106,-0.680,-0.725,0
1,-0.244,-0.878,-0.413,0
1,-0.026,-0.752,-0.658,0
1,0.114,-0.699,-0.706,1
1,-0.094,-0.698,-0.710,0
1,0.136,-0.729,-0.671,1
1,0.008,-0.657,-0.754,2
1,0.006,-0.707,-0.708,0
1,-0.220,-0.803,-0.553,0
1,0.059,-0.603,-0.795,2
1,0.009,-0.711,-0.703,0
5,-0.006,-0.725,-0.689,0
1,-0.121,-0.779,-0.616,0
1,-0.183,-0.751,-0.634,0
1,0.000,-0.659,-0.752,2
1,0.015,-0.720,-0.694,0
1,-0.273,-0.821,-0.502,0
1,0.004,-0.658,-0.753,1
1,0.031,-0.669,-0.742,2
1,-0.253,-0.891,-0.378,0
1,0.053,-0.679,-0.732,2
1,-0.061,-0.662,-0.747,0
1,0.043,-0.597,-0.801,2
1,0.300,-0.831,-0.468,1
1,-0.144,-0.669,-0.729,0
1,0.108,-0.727,-0.678,1
1,-0.300,-0.832,-0.467,0
1,0.046,-0.747,-0.663,2
5,0.023,-0.701,-0.713,0
1,0.125,-0.710,-0.693,1
1,0.048,-0.618,-0.785,2
1,0.006,-0.666,-0.746,2
5,-0.020,-0.718,-0.696,0
1,0.118,-0.796,-0.593,1
1,-0.192,-0.831,-0.523,0
5,-0.109,-0.653,-0.750,0
1,-0.150,-0.748,-0.646,0
1,0.015,-0.659,-0.752,2
1,0.022,-0.657,-0.753,2
1,0.081,-0.709,-0.701,1
1,-0.021,-0.620,-0.785,0
1,0.126,-0.776,-0.618,1
1,0.125,-0.733,-0.669,1
1,0.027,-0.611,-0.791,2
1,0.072,-0.774,-0.629,1
1,-0.273,-0.823,-0.499,0
1,0.295,-0.886,-0.359,1
1,0.081,-0.692,-0.717,1
1,-0.130,-0.779,-0.614,0
1,0.147,-0.727,-0.671,1
1,0.041,-0.658,-0.752,0
5,0.021,-0.665,-0.747,0
1,-0.144,-0.681,-0.718,0
1,0.359,-0.893,-0.272,1
1,0.020,-0.668,-0.744,2
1,0.028,-0.695,-0.718,2
1,0.107,-0.800,-0.591,1
1,0.036,-0.654,-0.755,2
1,0.275,-0.934,-0.228,1
1,0.049,-0.605,-0.795,2
1,0.068,-0.790,-0.609,1
1,0.290,-0.887,-0.358,1
1,-0.222,-0.853,-0.472,0
1,0.049,-0.671,-0.740,2
1,0.051,-0.662,-0.748,2
1,-0.024,-0.721,-0.693,0
1,0.073,-0.709,-0.702,1
1,0.003,-0.657,-0.754,0
1,0.041,-0.666,-0.745,2
1,0.075,-0.711,-0.699,1
1,0.033,-0.677,-0.736,2
1,0.123,-0.730,-0.672,1
1,0.119,-0.710,-0.695,1
1,0.076,-0.706,-0.704,1
1,0.037,-0.678,-0.734,2
1,-0.081,-0.687,-0.722,0
1,-0.070,-0.722,-0.689,0
1,-0.019,-0.751,-0.660,2
5,0.029,-0.684,-0.729,0
1,-0.139,-0.802,-0.581,0
1,0.097,-0.685,-0.722,2
1,0.147,-0.785,-0.602,1
1,-0.061,-0.684,-0.727,0
1,0.028,-0.741,-0.671,2
5,0.023,-0.666,-0.746,0
1,-0.054,-0.705,-0.707,0
1,0.099,-0.711,-0.697,1
1,-0.076,-0.713,-0.697,0
1,-0.275,-0.932,-0.237,0
5,-0.003,-0.709,-0.706,0
1,0.004,-0.661,-0.750,2
1,0.014,-0.652,-0.758,1
1,0.078,-0.708,-0.701,1
1,0.267,-0.796,-0.544,1
1,0.064,-0.692,-0.719,1
1,0.020,-0.652,-0.758,1
5,-0.011,-0.715,-0.699,0
1,-0.128,-0.814,-0.566,0
1,0.028,-0.667,-0.744,2
5,0.019,-0.692,-0.722,0
1,0.286,-0.922,-0.262,1
1,-0.137,-0.838,-0.528,0
1,0.076,-0.710,-0.700,1
1,-0.314,-0.943,-0.114,0
1,0.045,-0.670,-0.741,2
5,0.014,-0.666,-0.745,0
1,-0.119,-0.729,-0.675,0
1,-0.123,-0.687,-0.716,0
1,-0.035,-0.762,-0.647,0
1,0.014,-0.676,-0.737,2
1,0.055,-0.703,-0.709,1
1,0.043,-0.667,-0.744,2
5,-0.042,-0.707,-0.706,0
1,0.008,-0.655,-0.755,2
1,0.185,-0.803,-0.567,1
1,0.040,-0.683,-0.730,2
1,0.082,-0.684,-0.725,1
1,-0.107,-0.642,-0.759,0
1,-0.021,-0.773,-0.634,0
1,0.171,-0.892,-0.418,1
1,0.128,-0.766,-0.629,1
1,0.208,-0.777,-0.595,1
1,0.115,-0.792,-0.599,1
1,0.155,-0.725,-0.671,1
1,0.105,-0.716,-0.690,1
1,-0.186,-0.786,-0.590,0
5,0.001,-0.708,-0.706,0
1,0.008,-0.657,-0.754,2
1,0.014,-0.692,-0.722,2
1,0.082,-0.671,-0.737,1
1,-0.028,-0.680,-0.733,2
1,0.331,-0.852,-0.406,1
5,-0.011,-0.715,-0.699,0
1,0.018,-0.707,-0.707,2
1,0.018,-0.701,-0.713,2
1,0.058,-0.663,-0.746,2
1,-0.279,-0.935,-0.220,0
1,0.160,-0.796,-0.584,1
1,-0.051,-0.693,-0.719,0
1,0.185,-0.755,-0.629,1
1,-0.073,-0.840,-0.538,0
1,-0.048,-0.688,-0.724,1
1,-0.085,-0.732,-0.675,0
1,0.087,-0.742,-0.665,2
1,-0.025,-0.666,-0.745,0
1,0.294,-0.913,-0.283,1
1,0.025,-0.618,-0.786,2
1,0.023,-0.662,-0.749,2
1,-0.085,-0.733,-0.675,0
1,0.115,-0.725,-0.679,1
1,0.050,-0.757,-0.651,1
1,-0.095,-0.651,-0.753,0
1,0.010,-0.711,-0.703,2
1,0.307,-0.898,-0.316,1
1,0.034,-0.651,-0.759,2
1,0.112,-0.715,-0.691,1
1,0.382,-0.887,-0.259,1
1,-0.074,-0.703,-0.708,0
1,0.015,-0.714,-0.700,2
1,0.170,-0.771,-0.613,1
1,0.122,-0.785,-0.607,1
1,0.064,-0.646,-0.761,2
1,-0.227,-0.813,-0.535,0
1,0.121,-0.805,-0.581,1
1,-0.032,-0.695,-0.719,1
1,0.024,-0.692,-0.721,2
1,-0.017,-0.763,-0.646,0
1,0.013,-0.623,-0.782,2
5,-0.030,-0.715,-0.698,0
1,0.032,-0.652,-0.758,2
1,0.113,-0.771,-0.626,2
1,0.153,-0.753,-0.640,1
1,-0.111,-0.635,-0.765,0
1,0.209,-0.881,-0.424,1
1,0.174,-0.740,-0.649,1
1,-0.042,-0.691,-0.722,2
5,-0.024,-0.710,-0.703,0
1,-0.014,-0.681,-0.732,0
1,0.039,-0.663,-0.748,2
1,-0.021,-0.620,-0.785,0
1,-0.108,-0.738,-0.666,0
1,0.035,-0.657,-0.753,0
1,-0.005,-0.752,-0.660,2
5,-0.078,-0.689,-0.721,0
5,0.023,-0.701,-0.713,0
1,0.360,-0.902,-0.239,1
1,0.060,-0.656,-0.753,1
1,0.294,-0.891,-0.347,1
1,0.016,-0.669,-0.744,2
1,0.121,-0.718,-0.685,1
1,0.015,-0.711,-0.703,2
1,0.039,-0.685,-0.727,2
1,0.035,-0.675,-0.737,2
1,-0.107,-0.799,-0.591,0
5,-0.020,-0.718,-0.696,0
1,0.010,-0.739,-0.674,0
1,0.036,-0.672,-0.740,2
1,0.225,-0.832,-0.507,1
1,0.086,-0.670,-0.737,2
1,0.061,-0.752,-0.656,1
1,0.005,-0.668,-0.745,2
1,0.112,-0.692,-0.714,1
1,0.087,-0.698,-0.711,1
1,0.024,-0.675,-0.737,2
1,0.006,-0.658,-0.753,2
1,-0.257,-0.888,-0.382,0
1,0.069,-0.617,-0.784,2
1,-0.145,-0.806,-0.574,0
5,0.029,-0.684,-0.729,0
1,0.003,-0.669,-0.744,0
1,-0.007,-0.754,-0.657,2
1,-0.043,-0.722,-0.691,0
1,0.223,-0.803,-0.553,1
1,0.050,-0.604,-0.795,2
1,0.318,-0.891,-0.323,1
1,0.066,-0.741,-0.669,1
1,0.080,-0.678,-0.731,1
1,0.025,-0.659,-0.752,2
1,0.037,-0.699,-0.714,2
1,0.071,-0.665,-0.743,2
1,-0.078,-0.690,-0.720,0
1,-0.014,-0.697,-0.717,0
1,0.006,-0.653,-0.757,1
1,0.071,-0.714,-0.697,1
1,0.068,-0.747,-0.662,1
1,0.024,-0.702,-0.711,2
1,0.022,-0.646,-0.763,2
1,0.041,-0.661,-0.749,2
1,0.058,-0.701,-0.711,1
1,-0.077,-0.733,-0.676,0
1,0.032,-0.668,-0.744,2
1,-0.251,-0.885,-0.392,0
1,-0.002,-0.744,-0.668,0
1,0.088,-0.800,-0.594,1
1,0.041,-0.618,-0.785,2
1,0.022,-0.718,-0.696,2
1,-0.024,-0.641,-0.767,0
1,-0.193,-0.796,-0.574,0
5,-0.072,-0.707,-0.703,0
1,0.034,-0.651,-0.759,2
1,0.104,-0.718,-0.689,1
1,0.018,-0.820,-0.572,1
1,0.055,-0.807,-0.588,1
1,-0.023,-0.759,-0.651,2
1,-0.036,-0.668,-0.743,0
1,0.033,-0.698,-0.715,2
1,0.027,-0.751,-0.660,1
1,-0.056,-0.736,-0.675,0
1,0.051,-0.644,-0.763,2
1,-0.037,-0.689,-0.724,0
1,0.019,-0.670,-0.742,2
1,0.315,-0.882,-0.349,1
1,0.049,-0.655,-0.754,0
1,-0.229,-0.833,-0.503,0
1,0.026,-0.713,-0.701,1
1,-0.060,-0.763,-0.644,0
1,0.016,-0.653,-0.758,1
1,0.032,-0.701,-0.712,2
1,-0.095,-0.651,-0.753,0
1,0.054,-0.605,-0.795,2
1,-0.046,-0.700,-0.713,2
1,0.036,-0.661,-0.750,2
1,-0.269,-0.823,-0.501,0
1,0.011,-0.655,-0.756,1
1,-0.296,-0.913,-0.282,0
1,-0.008,-0.747,-0.665,2
1,-0.094,-0.701,-0.707,0
1,0.223,-0.836,-0.501,1
1,0.033,-0.692,-0.721,2
5,-0.020,-0.692,-0.722,0
1,-0.225,-0.849,-0.478,0
1,-0.139,-0.685,-0.715,0
1,0.012,-0.703,-0.711,2
1,-0.122,-0.694,-0.710,0
1,0.100,-0.701,-0.706,1
1,0.297,-0.881,-0.370,1
1,0.080,-0.776,-0.626,1
1,-0.049,-0.660,-0.750,0
1,-0.002,-0.655,-0.756,0
5,0.007,-0.720,-0.694,0
1,-0.019,-0.678,-0.735,0
1,0.283,-0.891,-0.355,1
1,-0.044,-0.705,-0.708,0
1,-0.016,-0.619,-0.785,0
1,0.034,-0.695,-0.718,2
1,-0.300,-0.933,-0.198,0
1,0.068,-0.699,-0.712,1
1,0.014,-0.701,-0.713,2
1,-0.015,-0.665,-0.746,0
1,0.017,-0.721,-0.692,2
1,0.034,-0.682,-0.731,2
1,-0.004,-0.744,-0.668,2
1,0.023,-0.648,-0.761,2
1,0.027,-0.675,-0.738,2
1,0.150,-0.776,-0.613,1
1,0.008,-0.706,-0.708,0
1,-0.321,-0.938,-0.132,0
1,0.013,-0.656,-0.755,2
1,0.084,-0.765,-0.639,1
1,0.056,-0.690,-0.722,2
5,-0.098,-0.679,-0.728,0
1,0.052,-0.670,-0.741,2
1,-0.044,-0.640,-0.767,0
1,0.137,-0.823,-0.551,1
1,0.053,-0.675,-0.736,2
1,0.028,-0.754,-0.656,1
1,-0.300,-0.832,-0.467,0
1,0.051,-0.755,-0.654,2
1,0.015,-0.707,-0.707,2
1,-0.080,-0.676,-0.733,0
5,-0.054,-0.709,-0.703,0
1,-0.069,-0.741,-0.668,0
1,0.015,-0.720,-0.694,0
1,0.197,-0.749,-0.633,1
5,0.001,-0.721,-0.693,0
1,-0.078,-0.758,-0.648,0
1,0.098,-0.686,-0.721,1
1,-0.240,-0.831,-0.502,0
1,-0.017,-0.647,-0.762,0
1,0.067,-0.705,-0.706,1
1,0.013,-0.725,-0.688,2
1,0.003,-0.657,-0.754,0
1,0.102,-0.700,-0.707,1
1,-0.167,-0.778,-0.606,0
1,0.067,-0.744,-0.665,1
1,-0.058,-0.706,-0.706,0
1,-0.050,-0.693,-0.719,0
5,-0.019,-0.688,-0.725,0
1,-0.015,-0.701,-0.713,0
1,0.122,-0.745,-0.656,1
1,-0.061,-0.762,-0.644,0
1,-0.004,-0.680,-0.734,2
1,-0.013,-0.621,-0.784,0
1,0.109,-0.823,-0.558,1
1,0.062,-0.787,-0.614,1
1,0.054,-0.644,-0.763,2
1,0.128,-0.761,-0.636,2
1,0.067,-0.659,-0.750,2
1,0.034,-0.697,-0.717,2
1,0.048,-0.710,-0.703,1
1,0.118,-0.809,-0.576,1
1,-0.068,-0.769,-0.636,0
1,-0.140,-0.811,-0.568,0
1,-0.023,-0.700,-0.714,0
5,-0.047,-0.705,-0.707,0
1,0.031,-0.685,-0.728,2
1,-0.007,-0.746,-0.666,0
1,0.031,-0.679,-0.733,2
1,0.192,-0.903,-0.384,1
1,-0.098,-0.788,-0.607,0
1,0.008,-0.685,-0.729,2
1,0.043,-0.708,-0.705,1
1,0.087,-0.742,-0.665,2
1,0.029,-0.738,-0.674,2
1,-0.284,-0.884,-0.372,0
1,0.028,-0.698,-0.716,2
1,-0.268,-0.822,-0.502,0
1,0.024,-0.705,-0.709,1
1,0.149,-0.725,-0.673,1
1,0.038,-0.724,-0.689,1
1,0.010,-0.724,-0.690,0
1,0.064,-0.784,-0.618,1
1,-0.251,-0.917,-0.311,0
1,0.047,-0.663,-0.747,2
1,-0.068,-0.719,-0.691,0
1,0.043,-0.695,-0.718,1
1,0.009,-0.718,-0.696,2
1,0.120,-0.723,-0.680,1
1,0.017,-0.753,-0.657,2
5,-0.006,-0.683,-0.731,0
1,0.080,-0.673,-0.735,2
1,0.066,-0.727,-0.684,1
1,0.028,-0.740,-0.672,2
1,0.076,-0.662,-0.746,2
1,0.021,-0.652,-0.758,1
1,0.100,-0.706,-0.701,2
5,0.028,-0.703,-0.711,0
1,0.054,-0.731,-0.680,1
1,0.381,-0.888,-0.258,1
1,-0.236,-0.809,-0.538,0
1,-0.184,-0.778,-0.601,0
1,-0.011,-0.713,-0.701,0
1,-0.063,-0.715,-0.697,0
1,0.048,-0.718,-0.694,2
1,0.076,-0.734,-0.675,2
1,-0.244,-0.888,-0.389,0
1,0.057,-0.673,-0.738,2
1,0.050,-0.715,-0.697,1
5,0.002,-0.716,-0.698,0
1,0.141,-0.781,-0.608,1
1,0.103,-0.711,-0.696,1
1,0.012,-0.654,-0.757,1
1,-0.117,-0.802,-0.586,0
1,0.103,-0.704,-0.702,1
1,0.038,-0.651,-0.759,2
1,-0.069,-0.718,-0.693,0
1,-0.067,-0.680,-0.730,0
1,0.006,-0.670,-0.743,0
1,0.085,-0.718,-0.691,1
1,0.105,-0.814,-0.572,1
1,-0.097,-0.733,-0.673,0
1,0.050,-0.682,-0.730,2
1,0.005,-0.667,-0.745,2
1,-0.075,-0.691,-0.719,0
1,0.139,-0.782,-0.607,1
1,0.039,-0.655,-0.755,2
5,-0.092,-0.685,-0.723,0
1,-0.195,-0.781,-0.593,0
1,0.005,-0.661,-0.750,2
1,0.023,-0.655,-0.755,2
1,0.079,-0.763,-0.642,1
1,0.037,-0.648,-0.761,2
1,0.036,-0.654,-0.756,2
5,0.021,-0.665,-0.747,0
5,0.015,-0.705,-0.709,0
1,-0.191,-0.781,-0.595,0
1,-0.011,-0.682,-0.731,0
1,0.057,-0.650,-0.758,2
1,0.032,-0.624,-0.781,2
1,0.029,-0.667,-0.744,2
1,0.178,-0.765,-0.619,1
1,0.010,-0.761,-0.649,2
1,0.019,-0.694,-0.720,2
1,0.048,-0.696,-0.716,2
1,0.056,-0.759,-0.648,2
1,0.044,-0.678,-0.734,2
1,-0.163,-0.795,-0.584,0
1,-0.128,-0.816,-0.564,0
1,0.089,-0.723,-0.685,1
5,0.015,-0.718,-0.696,0
1,-0.086,-0.741,-0.666,0
5,0.034,-0.680,-0.732,0
1,-0.116,-0.774,-0.623,0
1,-0.013,-0.745,-0.667,2
1,-0.279,-0.878,-0.389,0
1,-0.315,-0.942,-0.115,0
1,-0.004,-0.760,-0.650,2
1,-0.263,-0.825,-0.500,0
1,-0.247,-0.906,-0.345,0
1,0.163,-0.833,-0.529,1
1,0.027,-0.669,-0.743,2
1,0.019,-0.694,-0.720,2
1,0.050,-0.669,-0.742,2
1,0.066,-0.707,-0.704,1
1,-0.229,-0.813,-0.535,0
5,-0.108,-0.632,-0.768,0
1,-0.041,-0.720,-0.693,0
1,0.158,-0.733,-0.661,1
1,0.212,-0.902,-0.376,1
1,0.023,-0.674,-0.738,2
1,0.079,-0.670,-0.738,1
1,0.086,-0.709,-0.700,1
1,0.048,-0.603,-0.796,2
1,-0.012,-0.750,-0.661,2
1,0.003,-0.669,-0.744,0
1,0.045,-0.616,-0.787,2
1,0.038,-0.663,-0.748,2
1,-0.007,-0.673,-0.739,0
1,0.016,-0.717,-0.697,2
1,0.043,-0.655,-0.755,2
1,-0.050,-0.680,-0.731,0
1,0.084,-0.759,-0.646,1
1,-0.018,-0.703,-0.711,2
1,0.061,-0.775,-0.629,1
1,0.126,-0.796,-0.593,1
1,-0.010,-0.705,-0.709,0
1,0.151,-0.815,-0.559,1
1,0.024,-0.716,-0.698,2
1,-0.108,-0.738,-0.666,0
1,0.076,-0.765,-0.639,2
1,0.074,-0.778,-0.624,1
1,0.291,-0.896,-0.336,1
1,0.063,-0.810,-0.583,1
1,0.043,-0.664,-0.746,2
1,0.028,-0.735,-0.678,2
1,-0.229,-0.833,-0.503,0
1,0.005,-0.668,-0.744,2
1,0.035,-0.694,-0.719,2
1,-0.015,-0.763,-0.647,0
1,0.055,-0.607,-0.793,2
1,-0.065,-0.670,-0.740,0
1,0.025,-0.693,-0.721,2
1,0.142,-0.728,-0.671,1
1,0.243,-0.850,-0.467,1
1,0.059,-0.667,-0.743,2
5,0.013,-0.669,-0.743,0
1,0.076,-0.711,-0.699,1
1,-0.316,-0.942,-0.111,0
1,0.081,-0.731,-0.677,1
1,-0.029,-0.714,-0.700,0
1,0.054,-0.672,-0.738,2
1,0.161,-0.724,-0.670,1
1,0.027,-0.733,-0.680,2
1,0.022,-0.708,-0.706,2
1,0.120,-0.712,-0.692,1
1,0.039,-0.695,-0.718,1
1,0.020,-0.620,-0.784,2
1,-0.038,-0.725,-0.688,0
1,0.113,-0.771,-0.626,2
1,0.192,-0.756,-0.625,1
1,0.013,-0.692,-0.722,2
1,-0.032,-0.670,-0.742,0
5,-0.044,-0.702,-0.710,0
1,-0.116,-0.737,-0.665,0
1,0.043,-0.677,-0.735,2
1,0.280,-0.820,-0.499,1
1,-0.069,-0.853,-0.517,0
1,-0.242,-0.810,-0.534,0
1,0.132,-0.760,-0.637,1
1,0.025,-0.697,-0.717,2
1,0.027,-0.747,-0.664,1
1,0.055,-0.744,-0.666,2
1,0.015,-0.686,-0.727,2
5,0.035,-0.686,-0.727,0
1,0.112,-0.703,-0.702,1
1,0.082,-0.774,-0.628,1
1,0.040,-0.691,-0.721,2
1,0.112,-0.726,-0.679,1
1,0.132,-0.779,-0.613,1
1,0.065,-0.763,-0.643,2
1,0.072,-0.738,-0.671,1
1,0.044,-0.700,-0.713,2
1,0.011,-0.630,-0.776,2
1,0.010,-0.657,-0.754,1
5,0.016,-0.695,-0.719,0
1,0.082,-0.742,-0.665,1
1,-0.306,-0.944,-0.119,0
5,-0.017,-0.710,-0.704,0
1,-0.112,-0.654,-0.748,0
1,0.026,-0.740,-0.672,2
1,-0.112,-0.654,-0.748,0
1,0.043,-0.598,-0.800,2
1,-0.111,-0.733,-0.671,0
5,0.010,-0.674,-0.738,0
1,0.046,-0.653,-0.756,1
1,0.040,-0.698,-0.715,1
1,0.105,-0.758,-0.644,1
1,-0.111,-0.733,-0.671,0
1,0.011,-0.658,-0.753,2
1,0.128,-0.732,-0.670,1
1,0.042,-0.593,-0.804,2
1,-0.169,-0.754,-0.635,0
1,0.131,-0.763,-0.633,2
1,0.118,-0.726,-0.678,1
1,0.082,-0.774,-0.628,1
1,0.014,-0.736,-0.677,0
1,0.059,-0.650,-0.757,2
1,0.023,-0.721,-0.692,1
1,0.027,-0.688,-0.725,2
1,0.035,-0.680,-0.733,2
1,-0.014,-0.635,-0.772,0
1,0.061,-0.609,-0.791,2
1,-0.026,-0.771,-0.636,0
1,0.010,-0.728,-0.685,0
1,0.056,-0.674,-0.737,2
1,0.060,-0.724,-0.687,1
1,0.122,-0.745,-0.656,1
1,0.057,-0.829,-0.556,1
1,-0.064,-0.708,-0.703,0
1,-0.121,-0.817,-0.565,0
1,0.061,-0.717,-0.694,1
1,-0.092,-0.706,-0.702,0
1,0.023,-0.649,-0.760,2
1,0.040,-0.653,-0.756,2
1,-0.004,-0.744,-0.668,2
5,0.016,-0.695,-0.719,0
1,0.038,-0.721,-0.692,1
1,-0.032,-0.670,-0.742,0
1,0.013,-0.709,-0.705,2
1,0.051,-0.699,-0.713,1
1,0.056,-0.679,-0.732,2
1,0.029,-0.695,-0.719,2
1,0.069,-0.618,-0.783,2
1,0.088,-0.682,-0.726,1
1,0.118,-0.726,-0.678,1
1,0.026,-0.719,-0.694,1
1,0.139,-0.828,-0.543,1
1,0.054,-0.676,-0.735,2
1,0.036,-0.632,-0.774,2
1,-0.165,-0.881,-0.444,0
1,-0.005,-0.757,-0.654,2
1,0.036,-0.654,-0.756,2
1,-0.035,-0.689,-0.724,0
1,-0.086,-0.795,-0.601,0
1,0.014,-0.701,-0.713,2
1,-0.020,-0.684,-0.729,0
1,0.090,-0.723,-0.685,1
1,0.108,-0.786,-0.608,1
1,-0.104,-0.718,-0.688,0
1,-0.073,-0.706,-0.704,0
1,0.025,-0.690,-0.723,2
1,-0.085,-0.738,-0.669,0
1,0.038,-0.701,-0.712,2
1,0.063,-0.747,-0.662,1
1,0.344,-0.893,-0.289,1
1,-0.075,-0.654,-0.753,0
1,-0.122,-0.827,-0.549,0
1,-0.033,-0.704,-0.709,2
1,0.023,-0.694,-0.719,2
1,0.074,-0.753,-0.654,1
5,-0.014,-0.702,-0.712,0
1,0.138,-0.737,-0.662,1
1,-0.045,-0.701,-0.712,0
5,-0.009,-0.682,-0.731,0
1,0.209,-0.881,-0.424,1
1,-0.064,-0.814,-0.577,0
1,0.028,-0.765,-0.644,1
1,0.027,-0.673,-0.739,2
1,0.242,-0.838,-0.488,1
1,-0.102,-0.753,-0.650,0
5,0.000,-0.678,-0.735,0
1,0.014,-0.704,-0.710,2
1,-0.116,-0.670,-0.733,0
1,0.016,-0.631,-0.775,2
1,0.004,-0.740,-0.672,2
1,0.081,-0.726,-0.683,1
1,0.052,-0.682,-0.730,2
1,-0.273,-0.823,-0.499,0
1,0.021,-0.701,-0.712,2
1,-0.021,-0.722,-0.692,0
5,-0.024,-0.709,-0.705,0
1,-0.219,-0.758,-0.614,0
1,0.062,-0.674,-0.736,1
1,0.046,-0.648,-0.760,2
1,0.083,-0.742,-0.665,1
1,0.045,-0.710,-0.702,2
1,0.005,-0.655,-0.756,1
1,0.078,-0.755,-0.651,1
1,0.035,-0.705,-0.709,2
1,-0.021,-0.722,-0.691,0
1,-0.210,-0.888,-0.409,0
1,0.025,-0.716,-0.698,1
1,-0.051,-0.727,-0.685,0
1,0.054,-0.689,-0.723,1
1,0.026,-0.695,-0.718,2
1,0.011,-0.719,-0.695,2
5,-0.014,-0.708,-0.707,0
1,0.020,-0.694,-0.720,2
1,0.078,-0.696,-0.714,1
1,-0.119,-0.777,-0.618,0
1,0.198,-0.844,-0.498,1
1,0.033,-0.721,-0.692,1
1,0.110,-0.749,-0.653,1
1,0.017,-0.721,-0.692,2
1,0.068,-0.724,-0.686,1
1,0.037,-0.685,-0.728,2
1,0.007,-0.752,-0.659,2
1,0.019,-0.671,-0.741,2
1,0.350,-0.887,-0.303,1
1,0.112,-0.715,-0.691,1
1,0.036,-0.659,-0.751,2
1,0.007,-0.752,-0.659,2
1,-0.029,-0.657,-0.754,0
1,-0.313,-0.941,-0.133,0
1,0.039,-0.685,-0.727,2
1,0.074,-0.700,-0.711,1
1,-0.012,-0.720,-0.694,0
1,-0.130,-0.764,-0.631,0
1,-0.001,-0.750,-0.661,2
1,0.059,-0.648,-0.759,2
1,0.013,-0.729,-0.685,0
1,0.015,-0.658,-0.753,2
1,0.095,-0.717,-0.690,1
5,0.022,-0.694,-0.720,0
1,0.017,-0.716,-0.698,1
1,0.134,-0.799,-0.586,1
1,0.133,-0.825,-0.549,1
1,0.022,-0.741,-0.671,2
1,0.112,-0.726,-0.678,1
1,0.033,-0.741,-0.671,2
1,0.046,-0.642,-0.766,2
5,-0.039,-0.734,-0.678,0
1,0.041,-0.700,-0.713,2
1,0.058,-0.699,-0.713,1
1,0.171,-0.892,-0.418,1
1,-0.219,-0.859,-0.463,0
1,0.002,-0.703,-0.711,1
1,0.026,-0.664,-0.747,2
1,-0.096,-0.707,-0.700,0
1,0.137,-0.830,-0.540,1
1,-0.015,-0.697,-0.717,1
1,0.075,-0.717,-0.693,1
1,0.013,-0.708,-0.706,2
1,0.046,-0.688,-0.725,2
1,0.153,-0.820,-0.552,1
1,0.011,-0.655,-0.756,2
1,-0.089,-0.692,-0.717,0
1,0.097,-0.721,-0.686,1
1,0.075,-0.711,-0.700,1
1,0.033,-0.672,-0.740,2
1,0.092,-0.755,-0.650,1
1,-0.308,-0.939,-0.156,0
1,0.113,-0.711,-0.694,1
1,-0.268,-0.822,-0.502,0
1,0.121,-0.774,-0.621,1
1,-0.070,-0.691,-0.719,0
1,0.067,-0.744,-0.665,1
1,-0.103,-0.750,-0.653,0
1,0.023,-0.693,-0.720,2
1,0.013,-0.626,-0.779,2
1,-0.233,-0.725,-0.649,0
1,0.032,-0.665,-0.746,2
1,-0.096,-0.763,-0.639,0
1,-0.099,-0.762,-0.640,0
1,0.105,-0.770,-0.629,1
1,0.223,-0.773,-0.593,1
1,0.057,-0.666,-0.744,2
5,-0.002,-0.721,-0.693,0
1,0.025,-0.693,-0.721,2
1,-0.098,-0.788,-0.607,0
1,0.031,-0.721,-0.692,1
1,0.067,-0.617,-0.784,2
1,-0.241,-0.875,-0.419,0
1,0.030,-0.695,-0.719,2
1,0.065,-0.761,-0.645,2
1,-0.043,-0.763,-0.645,0
1,0.147,-0.765,-0.627,1
1,0.021,-0.741,-0.672,0
1,0.109,-0.702,-0.704,1
1,-0.032,-0.765,-0.643,0
1,0.245,-0.823,-0.513,1
1,0.097,-0.710,-0.697,1
1,0.092,-0.753,-0.651,2
1,0.084,-0.759,-0.645,1
1,0.319,-0.869,-0.379,1
1,0.006,-0.669,-0.743,0
1,-0.116,-0.737,-0.665,0
1,0.051,-0.744,-0.666,2
1,0.207,-0.903,-0.376,1
1,0.016,-0.668,-0.744,2
1,0.047,-0.685,-0.727,2
1,0.029,-0.702,-0.712,2
1,0.043,-0.672,-0.740,2
1,0.033,-0.692,-0.721,2
1,0.021,-0.710,-0.703,1
5,-0.035,-0.739,-0.673,0
1,0.061,-0.797,-0.601,1
1,-0.064,-0.814,-0.577,0
1,-0.091,-0.755,-0.649,0
5,0.043,-0.656,-0.754,0
1,0.061,-0.717,-0.694,1
1,0.035,-0.637,-0.770,2
1,0.009,-0.705,-0.709,2
1,-0.126,-0.818,-0.561,0
1,0.048,-0.658,-0.751,2
1,0.053,-0.679,-0.732,2
1,0.014,-0.659,-0.752,2
1,0.027,-0.732,-0.681,2
1,-0.271,-0.808,-0.523,0
1,-0.021,-0.722,-0.692,0
1,-0.297,-0.920,-0.257,0
5,-0.054,-0.709,-0.703,0
1,0.024,-0.645,-0.764,2
1,0.047,-0.665,-0.745,2
1,0.095,-0.790,-0.605,1
1,0.077,-0.835,-0.545,1
1,0.040,-0.660,-0.750,2
5,-0.006,-0.704,-0.710,0
1,-0.149,-0.808,-0.570,0
1,0.216,-0.831,-0.513,1
1,0.023,-0.818,-0.574,1
1,0.029,-0.694,-0.720,1
1,-0.228,-0.843,-0.487,0
5,-0.072,-0.707,-0.703,0
1,0.052,-0.693,-0.719,1
5,0.033,-0.653,-0.757,0
1,0.130,-0.860,-0.493,1
1,0.056,-0.685,-0.727,2
1,0.111,-0.736,-0.668,1
1,0.358,-0.885,-0.296,1
1,0.114,-0.727,-0.677,1
1,-0.006,-0.727,-0.687,0
1,-0.165,-0.750,-0.640,0
1,0.023,-0.648,-0.761,2
1,0.085,-0.717,-0.692,1
1,0.012,-0.704,-0.710,2
1,0.027,-0.688,-0.726,1
5,0.017,-0.696,-0.718,0
1,0.224,-0.904,-0.365,1
1,0.049,-0.677,-0.735,2
1,0.012,-0.656,-0.755,2
1,0.013,-0.726,-0.688,0
5,-0.118,-0.639,-0.760,0
1,0.056,-0.679,-0.732,2
5,-0.120,-0.642,-0.757,0
1,0.056,-0.662,-0.747,2
1,-0.280,-0.914,-0.292,0
1,0.046,-0.821,-0.569,1
1,0.047,-0.764,-0.643,2
1,-0.047,-0.766,-0.641,0
1,-0.033,-0.665,-0.746,0
1,0.213,-0.806,-0.553,1
1,-0.201,-0.755,-0.624,0
1,0.003,-0.663,-0.749,0
1,0.238,-0.783,-0.574,1
1,-0.170,-0.802,-0.573,0
1,0.034,-0.663,-0.748,2
1,-0.008,-0.747,-0.665,2
1,0.035,-0.674,-0.738,2
1,-0.069,-0.703,-0.708,0
5,0.027,-0.706,-0.708,0
1,0.024,-0.701,-0.713,1
1,0.047,-0.727,-0.685,1
1,0.006,-0.713,-0.701,2
1,0.144,-0.831,-0.538,1
1,-0.081,-0.737,-0.671,0
1,0.081,-0.767,-0.636,2
1,0.136,-0.768,-0.626,1
1,0.033,-0.696,-0.717,2
1,0.020,-0.668,-0.744,2
1,0.125,-0.728,-0.674,1
1,0.332,-0.862,-0.382,1
1,0.217,-0.916,-0.336,1
1,-0.198,-0.711,-0.675,0
1,0.135,-0.862,-0.488,1
1,-0.175,-0.708,-0.684,0
5,-0.098,-0.677,-0.729,0
1,0.059,-0.703,-0.709,1
1,0.158,-0.729,-0.666,1
1,-0.032,-0.684,-0.728,0
1,0.006,-0.676,-0.737,2
5,-0.066,-0.709,-0.702,0
1,-0.021,-0.769,-0.638,0
5,0.035,-0.693,-0.720,0
1,-0.111,-0.744,-0.658,0
1,0.126,-0.737,-0.664,1
1,0.072,-0.744,-0.664,1
1,0.041,-0.701,-0.712,1
1,-0.305,-0.942,-0.144,0
1,0.055,-0.694,-0.718,1
1,0.123,-0.755,-0.644,2
1,0.186,-0.782,-0.595,1
1,-0.043,-0.684,-0.728,0
1,-0.226,-0.844,-0.486,0
1,0.012,-0.682,-0.731,2
1,-0.015,-0.757,-0.653,0
1,0.028,-0.671,-0.741,2
1,-0.141,-0.807,-0.573,0
1,-0.297,-0.920,-0.257,0
1,0.140,-0.708,-0.692,1
1,0.006,-0.667,-0.745,2
1,0.099,-0.711,-0.697,1
1,0.355,-0.893,-0.278,1
5,0.007,-0.675,-0.738,0
1,0.067,-0.711,-0.700,1
1,0.107,-0.711,-0.695,1
1,0.044,-0.617,-0.786,2
1,0.024,-0.645,-0.764,2
5,0.037,-0.679,-0.734,0
1,0.046,-0.597,-0.801,2
1,0.067,-0.734,-0.676,1
1,0.139,-0.729,-0.670,1
1,0.036,-0.674,-0.738,2
1,-0.002,-0.728,-0.686,0
1,0.075,-0.771,-0.633,1
1,0.104,-0.676,-0.729,2
1,-0.307,-0.923,-0.232,0
1,0.019,-0.668,-0.744,2
1,0.024,-0.696,-0.718,2
1,-0.139,-0.868,-0.477,0
1,0.242,-0.848,-0.472,1
1,0.055,-0.665,-0.745,2
1,0.162,-0.851,-0.499,1
1,0.073,-0.678,-0.732,2
1,0.016,-0.707,-0.707,2
1,0.086,-0.719,-0.689,1
1,-0.213,-0.804,-0.555,0
1,0.068,-0.779,-0.623,1
1,0.018,-0.656,-0.755,2
1,0.198,-0.844,-0.498,1
1,0.087,-0.773,-0.629,1
1,0.133,-0.818,-0.559,1
1,0.019,-0.633,-0.774,2
1,0.165,-0.712,-0.682,1
1,0.018,-0.701,-0.713,2
1,0.062,-0.737,-0.673,1
1,-0.003,-0.685,-0.729,2
1,0.109,-0.783,-0.612,1
1,0.010,-0.716,-0.698,2
1,-0.080,-0.747,-0.660,0
1,0.023,-0.706,-0.708,2
1,0.033,-0.714,-0.699,1
1,0.006,-0.668,-0.744,2
1,0.033,-0.680,-0.732,2
1,0.048,-0.657,-0.752,2
1,-0.301,-0.936,-0.181,0
1,0.264,-0.876,-0.405,1
1,0.043,-0.719,-0.694,1
1,0.045,-0.642,-0.765,2
1,-0.127,-0.675,-0.727,0
1,0.136,-0.862,-0.488,1
1,-0.027,-0.689,-0.724,1
1,0.031,-0.724,-0.689,2
1,0.078,-0.666,-0.741,1
1,-0.119,-0.678,-0.725,0
1,-0.267,-0.819,-0.508,0
5,0.041,-0.656,-0.754,0
5,-0.034,-0.757,-0.653,0
1,0.236,-0.819,-0.524,1
1,0.045,-0.594,-0.803,2
1,0.076,-0.705,-0.705,1
1,0.029,-0.764,-0.644,2
1,0.007,-0.706,-0.708,2
1,0.124,-0.781,-0.611,1
1,0.063,-0.714,-0.697,1
1,0.066,-0.749,-0.659,1
1,-0.007,-0.728,-0.685,0
1,0.063,-0.714,-0.697,1
1,0.065,-0.761,-0.646,1
1,0.048,-0.657,-0.752,2
5,0.032,-0.687,-0.726,0
1,0.019,-0.691,-0.723,2
1,-0.007,-0.699,-0.715,1
1,-0.068,-0.705,-0.706,0
1,0.017,-0.712,-0.702,2
1,0.032,-0.652,-0.757,2
1,0.053,-0.746,-0.664,1
1,0.074,-0.704,-0.707,2
5,0.038,-0.679,-0.733,0
1,0.017,-0.680,-0.733,2
1,0.175,-0.778,-0.604,1
1,-0.294,-0.920,-0.261,0
1,0.076,-0.686,-0.724,1
1,0.033,-0.711,-0.702,1
1,0.073,-0.617,-0.784,2
5,0.028,-0.675,-0.738,0
1,0.034,-0.665,-0.746,2
1,0.029,-0.672,-0.740,2
5,-0.028,-0.729,-0.684,0
1,0.143,-0.782,-0.606,1
1,0.076,-0.613,-0.786,2
1,0.042,-0.660,-0.750,0
1,-0.146,-0.777,-0.612,0
1,0.042,-0.660,-0.750,2
5,-0.011,-0.714,-0.700,0
1,-0.134,-0.668,-0.732,0
1,0.152,-0.842,-0.517,1
1,0.230,-0.850,-0.475,1
1,-0.125,-0.779,-0.615,0
1,0.012,-0.655,-0.756,2
1,0.045,-0.656,-0.754,0
1,0.045,-0.656,-0.754,0
1,0.229,-0.832,-0.506,1
1,0.055,-0.644,-0.763,2
1,0.024,-0.727,-0.686,2
1,0.082,-0.755,-0.650,1
1,0.094,-0.771,-0.630,1
1,-0.073,-0.840,-0.538,0
1,-0.068,-0.705,-0.706,0
1,0.026,-0.617,-0.786,2
1,-0.089,-0.692,-0.717,0
1,0.000,-0.746,-0.666,2
1,0.116,-0.822,-0.557,1
1,0.079,-0.670,-0.738,1
5,0.007,-0.713,-0.701,0
1,-0.289,-0.918,-0.271,0
1,0.033,-0.710,-0.704,2
5,-0.091,-0.609,-0.788,0
1,0.032,-0.624,-0.781,2
1,-0.045,-0.762,-0.646,2
1,0.029,-0.757,-0.652,1
1,0.023,-0.670,-0.742,2
1,0.008,-0.666,-0.746,2
1,0.031,-0.737,-0.675,1
1,-0.126,-0.825,-0.550,0
1,0.084,-0.760,-0.645,1
1,0.224,-0.915,-0.336,1
1,0.161,-0.823,-0.544,1
1,0.061,-0.808,-0.586,1
1,0.014,-0.652,-0.758,1
1,0.011,-0.729,-0.684,0
1,0.086,-0.712,-0.697,1
1,0.029,-0.694,-0.720,1
1,-0.013,-0.744,-0.668,2
1,-0.038,-0.712,-0.702,0
1,0.070,-0.705,-0.706,1
1,-0.023,-0.682,-0.731,0
1,0.066,-0.720,-0.691,1
1,0.126,-0.728,-0.674,1
5,-0.112,-0.629,-0.769,0
1,0.325,-0.832,-0.450,1
1,-0.185,-0.784,-0.592,0
1,0.009,-0.715,-0.699,2
1,0.223,-0.770,-0.598,1
1,0.017,-0.698,-0.716,2
1,-0.095,-0.731,-0.676,0
1,-0.075,-0.727,-0.683,0
1,0.031,-0.650,-0.759,2
1,0.136,-0.730,-0.670,1
1,0.034,-0.678,-0.735,2
1,0.286,-0.877,-0.386,1
1,0.073,-0.678,-0.732,2
1,-0.239,-0.902,-0.359,0
1,0.084,-0.698,-0.711,1
1,0.085,-0.723,-0.685,1
1,0.045,-0.654,-0.755,1
1,0.074,-0.706,-0.705,1
1,0.067,-0.631,-0.773,2
1,-0.017,-0.626,-0.780,0
1,-0.195,-0.779,-0.596,0
1,0.076,-0.664,-0.744,1
1,0.078,-0.663,-0.744,2
5,-0.022,-0.708,-0.706,0
1,-0.036,-0.682,-0.731,2
1,0.011,-0.719,-0.695,2
1,-0.013,-0.696,-0.717,0
1,0.049,-0.661,-0.749,2
1,0.139,-0.866,-0.481,1
1,0.152,-0.844,-0.514,1
1,0.063,-0.677,-0.733,2
1,0.036,-0.696,-0.717,2
1,0.079,-0.767,-0.636,1
1,-0.150,-0.837,-0.526,0
1,0.039,-0.647,-0.761,1
1,0.055,-0.607,-0.793,2
1,0.021,-0.669,-0.743,2
1,0.021,-0.701,-0.713,1
1,-0.116,-0.813,-0.571,0
1,0.028,-0.698,-0.716,2
1,-0.154,-0.799,-0.581,0
1,0.076,-0.709,-0.701,1
1,-0.012,-0.702,-0.712,0
1,0.025,-0.666,-0.745,2
1,0.033,-0.699,-0.714,2
1,0.068,-0.769,-0.636,2
1,0.127,-0.802,-0.583,1
1,0.040,-0.687,-0.726,2
1,-0.007,-0.679,-0.734,0
5,-0.032,-0.615,-0.788,0
1,-0.037,-0.755,-0.655,2
1,0.053,-0.746,-0.664,1
1,0.097,-0.685,-0.722,2
1,-0.039,-0.687,-0.726,2
5,0.010,-0.690,-0.724,0
5,-0.026,-0.731,-0.682,0
1,0.148,-0.836,-0.528,1
1,0.376,-0.890,-0.258,1
1,-0.235,-0.816,-0.528,0
1,0.006,-0.722,-0.692,0
1,0.149,-0.732,-0.665,1
1,0.042,-0.712,-0.701,2
1,0.031,-0.669,-0.742,2
1,0.356,-0.899,-0.255,1
1,0.084,-0.725,-0.684,1
1,0.071,-0.618,-0.783,2
1,-0.172,-0.788,-0.591,0
1,-0.068,-0.686,-0.725,0
1,0.033,-0.637,-0.770,2
1,0.055,-0.698,-0.714,1
1,-0.072,-0.792,-0.606,0
1,-0.031,-0.709,-0.705,0
1,0.007,-0.760,-0.650,2
1,0.039,-0.631,-0.774,2
1,-0.125,-0.663,-0.738,0
1,0.008,-0.655,-0.755,2
1,0.041,-0.635,-0.771,2
5,-0.098,-0.679,-0.728,0
1,-0.305,-0.942,-0.143,0
1,-0.070,-0.740,-0.669,0
1,0.061,-0.749,-0.659,1
1,0.121,-0.724,-0.679,1
1,-0.273,-0.823,-0.499,0
1,0.024,-0.658,-0.752,2
1,-0.192,-0.831,-0.523,0
1,0.109,-0.676,-0.729,1
1,0.008,-0.657,-0.754,2
5,-0.053,-0.702,-0.710,0
1,0.083,-0.794,-0.603,1
1,0.045,-0.759,-0.649,1
1,0.005,-0.660,-0.751,2
1,-0.027,-0.698,-0.715,0
1,0.121,-0.718,-0.685,1
1,0.007,-0.768,-0.640,2
5,0.033,-0.687,-0.726,0
1,-0.332,-0.913,-0.237,0
1,-0.013,-0.698,-0.716,0
1,-0.111,-0.699,-0.707,0
1,0.022,-0.678,-0.734,2
1,0.034,-0.693,-0.720,2
1,0.025,-0.666,-0.745,2
1,-0.084,-0.734,-0.674,0
1,0.008,-0.818,-0.575,1
1,0.125,-0.727,-0.675,1
1,0.012,-0.724,-0.690,0
1,0.048,-0.662,-0.748,2
1,0.036,-0.739,-0.673,2
1,0.047,-0.658,-0.751,2
1,0.076,-0.709,-0.701,1
1,-0.125,-0.676,-0.726,0
1,0.021,-0.766,-0.642,1
1,-0.302,-0.936,-0.181,0
1,0.230,-0.780,-0.582,1
5,-0.110,-0.632,-0.767,0
1,0.110,-0.748,-0.655,1
1,0.012,-0.748,-0.664,2
1,-0.164,-0.804,-0.571,0
1,0.030,-0.730,-0.682,1
1,0.033,-0.677,-0.736,2
1,0.096,-0.811,-0.578,1
5,-0.038,-0.735,-0.677,0
1,-0.271,-0.822,-0.501,0
5,0.035,-0.693,-0.720,0
1,0.066,-0.741,-0.669,1
1,-0.004,-0.680,-0.733,2
1,0.012,-0.724,-0.690,0
1,0.040,-0.663,-0.748,2
5,-0.112,-0.650,-0.752,0
1,0.145,-0.746,-0.650,1
1,-0.031,-0.704,-0.709,0
1,0.043,-0.596,-0.802,2
1,-0.187,-0.775,-0.603,0
1,0.133,-0.725,-0.676,1
1,-0.044,-0.682,-0.730,0
1,-0.032,-0.695,-0.719,1
1,0.140,-0.826,-0.546,1
1,0.028,-0.739,-0.673,2
1,0.023,-0.674,-0.738,2
1,-0.051,-0.727,-0.685,0
1,-0.078,-0.732,-0.677,0
1,0.031,-0.673,-0.739,2
1,0.081,-0.731,-0.677,1
1,0.144,-0.869,-0.474,1
1,0.068,-0.696,-0.714,1
1,0.022,-0.708,-0.706,2
1,0.033,-0.689,-0.724,2
1,0.049,-0.697,-0.715,1
1,0.025,-0.661,-0.750,2
1,0.066,-0.609,-0.791,2
1,0.050,-0.719,-0.693,1
5,0.027,-0.657,-0.753,0
1,0.046,-0.615,-0.787,2
1,0.033,-0.714,-0.699,1
1,-0.030,-0.712,-0.702,0
1,0.056,-0.664,-0.746,2
1,0.078,-0.688,-0.722,1
1,-0.129,-0.764,-0.633,0
1,0.060,-0.680,-0.731,1
1,0.069,-0.658,-0.749,2
1,-0.244,-0.888,-0.389,0
1,0.057,-0.803,-0.593,1
1,0.033,-0.741,-0.671,2
1,0.082,-0.794,-0.602,1
1,0.075,-0.754,-0.653,1
1,0.108,-0.727,-0.678,1
1,0.027,-0.620,-0.784,2
1,0.047,-0.748,-0.662,2
1,0.010,-0.650,-0.760,2
1,0.195,-0.796,-0.573,1
1,0.285,-0.880,-0.380,1
5,-0.013,-0.679,-0.734,0
1,0.090,-0.681,-0.727,2
1,0.014,-0.659,-0.752,2
1,0.070,-0.814,-0.576,1
1,-0.195,-0.792,-0.579,0
1,-0.187,-0.775,-0.603,0
1,0.053,-0.675,-0.736,2
1,0.043,-0.655,-0.755,2
5,-0.099,-0.674,-0.732,0
1,0.087,-0.773,-0.629,1
1,0.030,-0.743,-0.669,2
1,-0.044,-0.674,-0.737,0
1,0.153,-0.765,-0.625,1
1,0.049,-0.656,-0.753,2
1,0.014,-0.687,-0.726,2
1,0.137,-0.823,-0.551,1
1,-0.190,-0.881,-0.433,0
1,0.139,-0.835,-0.532,1
1,0.027,-0.728,-0.685,2
1,0.072,-0.747,-0.661,1
1,0.080,-0.722,-0.687,1
5,0.001,-0.681,-0.733,0
1,0.126,-0.804,-0.581,1
1,0.010,-0.666,-0.746,0
1,0.085,-0.717,-0.692,1
1,0.100,-0.706,-0.701,2
1,0.030,-0.691,-0.722,2
1,0.048,-0.667,-0.744,2
5,0.022,-0.694,-0.720,0
1,0.027,-0.637,-0.771,2
1,-0.078,-0.758,-0.648,0
1,0.082,-0.750,-0.656,1
1,0.041,-0.690,-0.722,2
5,0.011,-0.711,-0.704,0
1,0.053,-0.679,-0.732,2
1,0.013,-0.703,-0.711,2
1,-0.103,-0.700,-0.706,0
1,0.024,-0.716,-0.698,2
1,0.046,-0.752,-0.657,2
1,-0.219,-0.859,-0.463,0
1,0.017,-0.664,-0.747,2
1,-0.114,-0.734,-0.669,0
1,0.068,-0.712,-0.699,1
1,0.010,-0.767,-0.641,2
1,0.037,-0.688,-0.724,2
1,0.117,-0.728,-0.675,1
1,0.009,-0.706,-0.708,2
1,0.029,-0.623,-0.781,2
1,0.008,-0.736,-0.677,0
1,0.120,-0.758,-0.641,2
1,0.031,-0.650,-0.759,2
1,0.081,-0.644,-0.761,2
1,0.051,-0.671,-0.740,2
1,-0.073,-0.751,-0.656,0
1,0.348,-0.855,-0.385,1
1,0.081,-0.683,-0.726,1
1,-0.186,-0.781,-0.597,0
1,-0.304,-0.926,-0.224,0
1,-0.011,-0.704,-0.711,2
1,0.018,-0.711,-0.703,2
1,-0.062,-0.756,-0.651,0
1,-0.108,-0.633,-0.766,0
1,0.355,-0.885,-0.301,1
1,-0.305,-0.942,-0.144,0
1,0.323,-0.869,-0.376,1
1,0.015,-0.712,-0.702,2
1,0.043,-0.727,-0.685,1
1,0.067,-0.696,-0.715,1
1,-0.005,-0.681,-0.733,2
1,0.092,-0.728,-0.680,1
1,0.221,-0.920,-0.324,1
1,0.059,-0.600,-0.798,2
1,0.027,-0.732,-0.681,2
1,0.014,-0.691,-0.723,2
1,0.096,-0.721,-0.686,1
5,0.013,-0.717,-0.697,0
1,0.022,-0.649,-0.761,2
1,0.109,-0.703,-0.703,1
1,0.009,-0.654,-0.756,1
1,-0.041,-0.687,-0.725,2
1,0.059,-0.648,-0.759,2
1,0.013,-0.711,-0.703,2
1,-0.034,-0.702,-0.711,2
1,0.108,-0.727,-0.678,1
1,-0.014,-0.631,-0.775,0
1,-0.017,-0.647,-0.762,0
1,0.059,-0.682,-0.729,2
1,-0.011,-0.717,-0.697,0
1,0.042,-0.681,-0.731,1
1,0.209,-0.788,-0.580,1
5,0.017,-0.665,-0.747,0
1,0.014,-0.703,-0.712,2
1,-0.018,-0.760,-0.649,0
1,-0.271,-0.819,-0.505,0
1,0.131,-0.770,-0.625,2
1,0.014,-0.757,-0.653,2
1,0.043,-0.692,-0.721,2
1,0.136,-0.729,-0.671,1
1,0.052,-0.664,-0.746,2
1,-0.055,-0.853,-0.519,0
1,0.047,-0.684,-0.728,2
1,0.035,-0.683,-0.730,2
1,0.087,-0.773,-0.629,1
1,0.009,-0.653,-0.757,2
1,-0.118,-0.735,-0.667,0
1,-0.009,-0.663,-0.749,0
1,0.076,-0.712,-0.698,1
1,0.196,-0.825,-0.530,1
1,0.131,-0.818,-0.560,1
1,-0.038,-0.720,-0.693,0
5,0.026,-0.669,-0.743,0
1,0.020,-0.712,-0.702,2
1,0.225,-0.929,-0.293,1
1,-0.007,-0.679,-0.734,0
1,0.050,-0.719,-0.693,1
1,0.006,-0.660,-0.751,2
1,0.080,-0.639,-0.765,2
1,0.021,-0.664,-0.748,2
1,0.130,-0.729,-0.672,1
1,0.054,-0.665,-0.745,2
5,-0.039,-0.698,-0.715,0
1,0.334,-0.852,-0.404,1
1,0.019,-0.706,-0.708,2
1,0.009,-0.660,-0.751,2
1,0.235,-0.925,-0.298,1
1,0.058,-0.610,-0.790,2
1,0.171,-0.737,-0.654,1
1,0.216,-0.899,-0.381,1
1,0.012,-0.650,-0.760,2
1,0.018,-0.712,-0.702,2
5,-0.042,-0.707,-0.706,0
1,-0.071,-0.724,-0.686,0
1,0.126,-0.796,-0.593,1
5,0.028,-0.659,-0.751,0
1,0.061,-0.730,-0.680,1
1,0.019,-0.670,-0.742,2
1,0.210,-0.795,-0.569,1
1,0.018,-0.681,-0.732,2
1,-0.300,-0.908,-0.293,0
1,-0.029,-0.666,-0.746,0
1,0.113,-0.718,-0.687,1
1,0.020,-0.756,-0.655,2
1,-0.102,-0.691,-0.715,0
5,-0.004,-0.715,-0.700,0
5,-0.033,-0.738,-0.674,0
1,0.264,-0.876,-0.405,1
1,0.023,-0.694,-0.719,2
1,0.041,-0.705,-0.708,1
1,0.057,-0.815,-0.577,1
1,0.004,-0.658,-0.753,2
1,0.070,-0.616,-0.784,2
1,0.112,-0.764,-0.635,2
1,0.022,-0.660,-0.751,2
1,-0.149,-0.808,-0.570,0
1,-0.158,-0.712,-0.684,0
1,0.044,-0.708,-0.705,1
1,0.047,-0.698,-0.715,2
1,0.007,-0.658,-0.753,2
1,0.026,-0.674,-0.738,2
1,-0.002,-0.728,-0.686,0
1,0.054,-0.609,-0.791,2
1,0.058,-0.702,-0.710,1
1,-0.115,-0.758,-0.643,0
1,-0.005,-0.678,-0.736,2
1,0.028,-0.727,-0.686,2
1,0.115,-0.793,-0.598,1
1,-0.137,-0.838,-0.528,0
1,-0.325,-0.919,-0.223,0
1,0.018,-0.668,-0.744,2
1,0.057,-0.655,-0.754,1
1,-0.089,-0.735,-0.672,0
1,0.234,-0.941,-0.244,1
1,-0.026,-0.771,-0.636,0
1,0.132,-0.828,-0.545,1
1,0.097,-0.710,-0.698,1
1,0.041,-0.691,-0.721,2
1,0.045,-0.599,-0.800,2
1,0.075,-0.741,-0.668,1
1,-0.049,-0.784,-0.618,0
1,-0.005,-0.752,-0.660,2
1,0.016,-0.742,-0.671,0
1,0.067,-0.656,-0.752,2
1,0.065,-0.808,-0.585,1
1,-0.009,-0.754,-0.657,0
1,0.039,-0.832,-0.554,1
1,0.210,-0.906,-0.367,1
1,0.047,-0.723,-0.689,1
1,0.069,-0.617,-0.784,2
1,0.131,-0.803,-0.582,1
1,-0.324,-0.937,-0.134,0
1,0.022,-0.718,-0.696,2
1,0.280,-0.810,-0.515,1
1,0.123,-0.730,-0.672,1
1,0.231,-0.940,-0.249,1
1,0.031,-0.674,-0.738,2
1,0.148,-0.771,-0.619,1
1,0.177,-0.742,-0.646,1
1,-0.038,-0.708,-0.705,0
1,0.023,-0.694,-0.720,2
1,-0.148,-0.759,-0.634,0
1,0.032,-0.694,-0.719,2
1,0.214,-0.763,-0.610,1
1,0.122,-0.715,-0.688,1
1,0.037,-0.674,-0.738,2
1,0.086,-0.670,-0.737,2
1,0.142,-0.827,-0.544,1
1,0.026,-0.678,-0.735,2
1,-0.033,-0.682,-0.730,0
1,0.052,-0.668,-0.742,2
1,0.045,-0.725,-0.687,1
1,-0.068,-0.719,-0.691,0
1,-0.267,-0.934,-0.235,0
1,0.079,-0.707,-0.703,1
1,-0.042,-0.701,-0.712,2
1,0.070,-0.654,-0.753,1
1,0.002,-0.660,-0.751,2
1,0.050,-0.622,-0.781,2
1,-0.022,-0.693,-0.721,0
1,0.048,-0.735,-0.676,2
1,0.066,-0.705,-0.706,1
1,0.063,-0.698,-0.713,1
1,0.207,-0.789,-0.579,1
1,0.126,-0.721,-0.681,1
1,0.221,-0.837,-0.500,1
1,-0.033,-0.724,-0.689,0
1,-0.258,-0.887,-0.384,0
1,-0.134,-0.739,-0.660,0
1,0.068,-0.724,-0.686,1
1,0.045,-0.710,-0.702,2
1,-0.264,-0.903,-0.340,0
1,-0.083,-0.643,-0.761,0
1,0.245,-0.923,-0.297,1
1,0.370,-0.892,-0.260,1
1,0.014,-0.701,-0.713,2
1,0.043,-0.651,-0.758,2
1,0.034,-0.676,-0.736,2
1,-0.048,-0.691,-0.721,0
1,0.238,-0.797,-0.555,1
1,0.044,-0.688,-0.724,2
1,0.028,-0.727,-0.686,2
1,0.079,-0.680,-0.729,1
1,-0.279,-0.878,-0.389,0
1,0.012,-0.655,-0.755,2
1,0.338,-0.891,-0.302,1
1,0.224,-0.908,-0.354,1
1,0.353,-0.889,-0.291,1
1,0.025,-0.696,-0.718,2
1,0.006,-0.657,-0.754,1
1,0.081,-0.824,-0.561,1
1,0.065,-0.665,-0.744,2
1,0.058,-0.663,-0.746,2
1,-0.116,-0.672,-0.731,0
1,0.013,-0.725,-0.688,2
1,0.235,-0.837,-0.494,1
1,0.038,-0.663,-0.748,0
1,0.055,-0.669,-0.741,2
1,0.042,-0.729,-0.683,1
1,0.007,-0.662,-0.750,2
1,0.122,-0.727,-0.675,1
1,0.032,-0.736,-0.676,2
1,0.016,-0.631,-0.775,2
1,0.055,-0.702,-0.710,1
1,0.059,-0.699,-0.713,1
1,0.068,-0.700,-0.711,1
1,-0.290,-0.877,-0.384,0
1,0.005,-0.703,-0.711,2
1,0.154,-0.732,-0.664,1
1,0.054,-0.694,-0.718,1
1,0.055,-0.604,-0.795,2
5,-0.006,-0.689,-0.725,0
1,-0.236,-0.744,-0.626,0
1,-0.158,-0.756,-0.635,0
1,-0.050,-0.716,-0.697,0
1,0.043,-0.603,-0.796,2
1,0.115,-0.728,-0.676,1
1,0.006,-0.661,-0.750,2
1,0.029,-0.677,-0.736,2
1,0.294,-0.884,-0.363,1
1,-0.225,-0.809,-0.543,0
1,0.059,-0.619,-0.784,2
1,-0.310,-0.942,-0.131,0
5,0.000,-0.678,-0.735,0
1,-0.045,-0.701,-0.712,0
1,0.071,-0.611,-0.788,2
1,0.045,-0.616,-0.787,2
1,0.015,-0.658,-0.753,2
1,0.039,-0.678,-0.734,2
1,0.008,-0.669,-0.743,2
1,0.034,-0.637,-0.770,2
1,0.103,-0.747,-0.657,1
1,-0.003,-0.685,-0.729,2
1,0.010,-0.656,-0.755,2
1,0.039,-0.683,-0.729,2
1,0.008,-0.724,-0.690,0
1,0.070,-0.753,-0.655,1
1,0.026,-0.734,-0.678,2
1,-0.017,-0.692,-0.722,0
5,0.006,-0.684,-0.729,0
1,-0.023,-0.759,-0.651,2
1,-0.227,-0.837,-0.499,0
1,0.001,-0.658,-0.753,0
1,0.096,-0.682,-0.725,1
1,0.033,-0.700,-0.714,2
1,0.033,-0.659,-0.751,2
1,0.026,-0.670,-0.742,2
1,0.080,-0.706,-0.704,1
1,0.006,-0.713,-0.701,2
1,0.125,-0.727,-0.675,1
1,-0.027,-0.697,-0.717,1
1,0.065,-0.679,-0.732,2
1,-0.040,-0.716,-0.697,0
1,0.042,-0.699,-0.714,2
1,0.348,-0.858,-0.378,1
1,-0.072,-0.742,-0.667,0
1,-0.275,-0.932,-0.237,0
1,0.025,-0.723,-0.690,2
1,0.068,-0.779,-0.623,1
1,-0.301,-0.936,-0.181,0
1,0.285,-0.880,-0.381,1
1,0.037,-0.663,-0.748,0
1,0.058,-0.620,-0.783,2
1,-0.077,-0.671,-0.737,0
5,-0.024,-0.719,-0.695,0
1,0.058,-0.678,-0.732,2
1,0.008,-0.710,-0.704,0
1,0.020,-0.712,-0.702,2
1,-0.063,-0.738,-0.672,0
1,-0.118,-0.818,-0.563,0
1,0.024,-0.662,-0.749,0
1,0.056,-0.700,-0.712,1
1,0.041,-0.694,-0.719,2
1,0.115,-0.793,-0.598,1
1,0.037,-0.669,-0.742,2
5,-0.092,-0.685,-0.723,0
1,0.014,-0.701,-0.713,2
1,-0.098,-0.744,-0.661,0
1,0.038,-0.724,-0.689,1
1,0.039,-0.669,-0.742,2
1,0.023,-0.710,-0.704,2
5,-0.014,-0.711,-0.703,0
1,0.046,-0.697,-0.715,1
1,0.041,-0.694,-0.719,2
1,0.031,-0.695,-0.719,2
1,0.116,-0.743,-0.659,1
1,0.073,-0.742,-0.666,1
1,-0.114,-0.861,-0.496,0
1,0.016,-0.714,-0.699,2
1,0.154,-0.732,-0.664,1
1,-0.136,-0.666,-0.733,0
1,-0.018,-0.703,-0.711,0
1,-0.097,-0.733,-0.673,0
1,-0.050,-0.775,-0.629,0
1,0.021,-0.703,-0.711,2
1,0.338,-0.855,-0.394,1
1,-0.036,-0.704,-0.709,2
5,0.009,-0.709,-0.705,0
1,0.107,-0.702,-0.704,1
1,0.008,-0.661,-0.750,0
1,0.194,-0.746,-0.638,1
1,0.030,-0.687,-0.726,2
1,-0.128,-0.814,-0.566,0
1,-0.008,-0.760,-0.650,2
1,0.027,-0.612,-0.791,2
1,0.045,-0.672,-0.740,2
5,-0.067,-0.708,-0.703,0
1,0.307,-0.898,-0.316,1
1,-0.002,-0.744,-0.668,0
1,0.096,-0.700,-0.708,1
1,0.068,-0.666,-0.743,2
1,0.136,-0.729,-0.671,1
1,0.070,-0.704,-0.706,1
1,0.033,-0.697,-0.716,2
1,0.059,-0.715,-0.697,1
1,0.039,-0.688,-0.725,1
1,-0.118,-0.758,-0.642,0
1,0.115,-0.742,-0.661,1
1,-0.123,-0.825,-0.552,0
1,0.046,-0.747,-0.663,2
1,0.267,-0.796,-0.544,1
1,-0.073,-0.751,-0.656,0
1,0.056,-0.722,-0.690,1
1,0.148,-0.728,-0.669,1
1,0.021,-0.647,-0.762,2
1,-0.002,-0.738,-0.675,0
1,-0.150,-0.740,-0.655,0
1,0.063,-0.618,-0.784,2
1,0.256,-0.823,-0.506,1
1,-0.121,-0.671,-0.732,0
1,0.073,-0.617,-0.784,2
1,0.029,-0.708,-0.705,2
1,-0.080,-0.747,-0.660,0
1,0.021,-0.669,-0.743,2
1,-0.004,-0.760,-0.650,2
